Workbook

Sheet fakturasiz
A1: tenant_id | B1: name | C1: type | D1: stir | E1: pinfl | F1: tin | G1: shop | H1: Yanvar ONKM | I1: Fevral ONKM | J1: Mart ONKM | K1: Aprel ONKM | L1: May ONKM | M1: Iyun ONKM | N1: Yanvar Faktura | O1: Fevral Faktura | P1: Mart Faktura | Q1: Aprel Faktura
A2: 55 | B2: FAXRIDDINOV NIZOMIDDIN ZIYOVUDDIN O‘G‘LI | C2: YTT | E2: 52305066540026 | F2: 52305066540026 | G2: Blok A - 9-do'kon | H2: =VLOOKUP(E2,[1]Лист1!$E$4:$F$17052,2,0) -> 0 | I2: =VLOOKUP(E2,[2]Лист1!$E$4:$F$17052,2,0) -> 64233 | J2: =VLOOKUP(E2,[3]Лист1!$E$4:$F$17052,2,0) -> 16604.4 | K2: =VLOOKUP(E2,[4]Лист1!$E$4:$F$17052,2,0) -> 34677 | L2: =VLOOKUP(E2,[5]Лист1!$E$4:$F$17055,2,0) -> 170 | M2: =VLOOKUP(E2,[6]Лист1!$E$4:$F$17055,2,0) -> 0 | N2: 0 | O2: 0 | P2: 0 | Q2: 0
A3: 117 | B3: KAMILOV ABDULLO XODJIAKBAROVICH | C3: YTT | E3: 30507850290043 | F3: 30507850290043 | G3: Blok A - 18-do'kon | H3: =VLOOKUP(E3,[1]Лист1!$E$4:$F$17052,2,0) -> 0 | I3: =VLOOKUP(E3,[2]Лист1!$E$4:$F$17052,2,0) -> 0 | J3: =VLOOKUP(E3,[3]Лист1!$E$4:$F$17052,2,0) -> 0 | K3: =VLOOKUP(E3,[4]Лист1!$E$4:$F$17052,2,0) -> 0 | L3: =VLOOKUP(E3,[5]Лист1!$E$4:$F$17055,2,0) -> 610 | M3: =VLOOKUP(E3,[6]Лист1!$E$4:$F$17055,2,0) -> 7696 | N3: 0 | O3: 0 | P3: 0 | Q3: 0
A4: 101 | B4: G‘ULOMBEKOV NODIRBEK DONIYORBEK O‘G‘LI | C4: YTT | E4: 30810860600019 | F4: 30810860600019 | G4: Blok A - 16-do'kon | H4: 0 | I4: 0 | J4: 0 | K4: 0 | L4: 0 | M4: 0 | N4: 0 | O4: 0 | P4: 0 | Q4: 0
A5: 878 | B5: NARZIYEV XURSHIDBEK XASANOVICH | C5: YTT | E5: 31308810222659 | F5: 494481009 | G5: Blok A - 13-do'kon | H5: 0 | I5: 0 | J5: 0 | K5: 0 | L5: 0 | M5: 0 | N5: 0 | O5: 0 | P5: 0 | Q5: 0
A6: 30 | B6: Osiyo Volga | C6: MCHJ | D6: 300961062 | G6: Blok A - 6-do'kon | H6: 0 | I6: 0 | J6: 0 | K6: 0 | L6: 0 | M6: 0 | N6: =VLOOKUP(E6,[7]FIRMA!$K$7:$AH$547,24,0) -> #N/A | O6: =VLOOKUP(E6,[7]FIRMA!$K$7:$AL$547,28,0) -> #N/A | P6: =VLOOKUP(E6,[8]умумий!$O$3:$CL$775,76,0) -> 0 | Q6: =VLOOKUP(E6,[9]умумий!$P$4:$AR$787,29,0) -> #N/A
A7: 426 | B7: ‘Abdul Momo‘ Mchj | C7: MCHJ | D7: 305154825 | G7: Blok SM - Merkato-do'kon | H7: 0 | I7: 0 | J7: 0 | K7: 0 | L7: 0 | M7: 0 | N7: =VLOOKUP(E7,[7]FIRMA!$K$7:$AH$547,24,0) -> #N/A | O7: =VLOOKUP(E7,[7]FIRMA!$K$7:$AL$547,28,0) -> #N/A | P7: =VLOOKUP(E7,[8]умумий!$O$3:$CL$775,76,0) -> 0 | Q7: =VLOOKUP(E7,[9]умумий!$P$4:$AR$787,29,0) -> #N/A
A8: 254 | B8: ABDUKARIMOV ABDULAZIZ XASAN O‘G‘LI | C8: YTT | E8: 31412986590057 | F8: 31412986590057 | G8: Blok B - 13-do'kon | H8: =VLOOKUP(E8,[1]Лист1!$E$4:$F$17052,2,0) -> 0 | I8: =VLOOKUP(E8,[2]Лист1!$E$4:$F$17052,2,0) -> 58850 | J8: =VLOOKUP(E8,[3]Лист1!$E$4:$F$17052,2,0) -> 21916 | K8: =VLOOKUP(E8,[4]Лист1!$E$4:$F$17052,2,0) -> 50000 | L8: =VLOOKUP(E8,[5]Лист1!$E$4:$F$17055,2,0) -> 31136.2 | M8: =VLOOKUP(E8,[6]Лист1!$E$4:$F$17055,2,0) -> 30301 | N8: 0 | O8: 0 | P8: 0 | Q8: 0
A9: 111 | B9: Maestro Expo" Mchj | C9: MCHJ | D9: 312353392 | G9: Blok A - 17-do'kon | H9: 0 | I9: 0 | J9: 0 | K9: 0 | L9: 0 | M9: 0 | N9: =VLOOKUP(E9,[7]FIRMA!$K$7:$AH$547,24,0) -> #N/A | O9: =VLOOKUP(E9,[7]FIRMA!$K$7:$AL$547,28,0) -> #N/A | P9: =VLOOKUP(E9,[8]умумий!$O$3:$CL$775,76,0) -> 0 | Q9: =VLOOKUP(E9,[9]умумий!$P$4:$AR$787,29,0) -> #N/A
A10: 488 | B10: TILLASHAYXOV SAMARIDDIN MUXITDINOVICH | C10: YTT | E10: 30706876540011 | F10: 30706876540011 | G10: Blok SM - Merkato-do'kon | H10: =VLOOKUP(E10,[1]Лист1!$E$4:$F$17052,2,0) -> 69988 | I10: =VLOOKUP(E10,[2]Лист1!$E$4:$F$17052,2,0) -> 45468 | J10: =VLOOKUP(E10,[3]Лист1!$E$4:$F$17052,2,0) -> 41450 | K10: =VLOOKUP(E10,[4]Лист1!$E$4:$F$17052,2,0) -> 2650 | L10: =VLOOKUP(E10,[5]Лист1!$E$4:$F$17055,2,0) -> 11550 | M10: =VLOOKUP(E10,[6]Лист1!$E$4:$F$17055,2,0) -> 47573 | N10: 0 | O10: 0 | P10: 0 | Q10: 0
A11: 293 | B11: ADJIBEKOV JASUR FARXOD O‘G‘LI | C11: YTT | E11: 31807946520014 | F11: 552324046 | G11: Blok B - 24-do'kon | H11: =VLOOKUP(E11,[1]Лист1!$E$4:$F$17052,2,0) -> 20784 | I11: =VLOOKUP(E11,[2]Лист1!$E$4:$F$17052,2,0) -> 40674 | J11: =VLOOKUP(E11,[3]Лист1!$E$4:$F$17052,2,0) -> 0 | K11: =VLOOKUP(E11,[4]Лист1!$E$4:$F$17052,2,0) -> 0 | L11: =VLOOKUP(E11,[5]Лист1!$E$4:$F$17055,2,0) -> 0 | M11: =VLOOKUP(E11,[6]Лист1!$E$4:$F$17055,2,0) -> 0 | N11: 0 | O11: 0 | P11: 0 | Q11: 0
A12: 174 | B12: TALIPOV XOJIAKBAR ABDURAXMANOVICH | C12: YTT | E12: 32504900222517 | F12: 32504900222517 | G12: Blok A - 27-do'kon | H12: =VLOOKUP(E12,[1]Лист1!$E$4:$F$17052,2,0) -> 18422.5 | I12: =VLOOKUP(E12,[2]Лист1!$E$4:$F$17052,2,0) -> 74377 | J12: =VLOOKUP(E12,[3]Лист1!$E$4:$F$17052,2,0) -> 34351 | K12: =VLOOKUP(E12,[4]Лист1!$E$4:$F$17052,2,0) -> 44370 | L12: =VLOOKUP(E12,[5]Лист1!$E$4:$F$17055,2,0) -> 40533.5 | M12: =VLOOKUP(E12,[6]Лист1!$E$4:$F$17055,2,0) -> 48994 | N12: 0 | O12: 0 | P12: 0 | Q12: 0
A13: 630 | B13: ABDULLAYEV BAXTIYOR ALISHER O‘G‘LI | C13: YTT | E13: 30508946540015 | F13: 30508946540015 | G13: Blok A - 31-do'kon | H13: 0 | I13: 0 | J13: 0 | K13: 0 | L13: 0 | M13: 0 | N13: 0 | O13: 0 | P13: 0 | Q13: 0
A14: 600 | B14: XAMIDOV MUXAMMADJON ABDULAZIZ O‘G‘LI | C14: YTT | E14: 30906986540011 | F14: 30906986540011 | G14: Blok A - 19-do'kon | H14: =VLOOKUP(E14,[1]Лист1!$E$4:$F$17052,2,0) -> 0 | I14: =VLOOKUP(E14,[2]Лист1!$E$4:$F$17052,2,0) -> 0 | J14: =VLOOKUP(E14,[3]Лист1!$E$4:$F$17052,2,0) -> 47411.2 | K14: =VLOOKUP(E14,[4]Лист1!$E$4:$F$17052,2,0) -> 83881 | L14: =VLOOKUP(E14,[5]Лист1!$E$4:$F$17055,2,0) -> 163790 | M14: =VLOOKUP(E14,[6]Лист1!$E$4:$F$17055,2,0) -> 72927 | N14: 0 | O14: 0 | P14: 0 | Q14: 0
A15: 723 | B15: ISHNIYAZOV TIMUR KAMARIDIN | C15: YTT | E15: 31402820260024 | F15: 31402820260024 | G15: Blok B - 42-do'kon | H15: =VLOOKUP(E15,[1]Лист1!$E$4:$F$17052,2,0) -> 0 | I15: =VLOOKUP(E15,[2]Лист1!$E$4:$F$17052,2,0) -> 0 | J15: =VLOOKUP(E15,[3]Лист1!$E$4:$F$17052,2,0) -> 0 | K15: =VLOOKUP(E15,[4]Лист1!$E$4:$F$17052,2,0) -> 9710 | L15: =VLOOKUP(E15,[5]Лист1!$E$4:$F$17055,2,0) -> 8795 | M15: =VLOOKUP(E15,[6]Лист1!$E$4:$F$17055,2,0) -> 9250.1 | N15: 0 | O15: 0 | P15: 0 | Q15: 0
A16: 318 | B16: RAXMONOV JASUR SHUXRATOVICH | C16: YTT | E16: 53110006590039 | F16: 53110006590039 | G16: Blok B - 29-do'kon | H16: =VLOOKUP(E16,[1]Лист1!$E$4:$F$17052,2,0) -> 3200 | I16: =VLOOKUP(E16,[2]Лист1!$E$4:$F$17052,2,0) -> 45693 | J16: =VLOOKUP(E16,[3]Лист1!$E$4:$F$17052,2,0) -> 25567 | K16: =VLOOKUP(E16,[4]Лист1!$E$4:$F$17052,2,0) -> 2420 | L16: =VLOOKUP(E16,[5]Лист1!$E$4:$F$17055,2,0) -> 0 | M16: =VLOOKUP(E16,[6]Лист1!$E$4:$F$17055,2,0) -> 20790 | N16: 0 | O16: 0 | P16: 0 | Q16: 0
A17: 780 | B17: YUNUSOV SAID A’LOXON DILSHOD O‘G‘LI | C17: YTT | E17: 32802940230049 | F17: 32802940230049 | G17: Blok SM - Merkato-do'kon | H17: =VLOOKUP(E17,[1]Лист1!$E$4:$F$17052,2,0) -> 9950 | I17: =VLOOKUP(E17,[2]Лист1!$E$4:$F$17052,2,0) -> 12100 | J17: =VLOOKUP(E17,[3]Лист1!$E$4:$F$17052,2,0) -> 8750 | K17: =VLOOKUP(E17,[4]Лист1!$E$4:$F$17052,2,0) -> 9300 | L17: =VLOOKUP(E17,[5]Лист1!$E$4:$F$17055,2,0) -> 13400 | M17: =VLOOKUP(E17,[6]Лист1!$E$4:$F$17055,2,0) -> 9850 | N17: 0 | O17: 0 | P17: 0 | Q17: 0
A18: 909 | B18: MUXAMMEDOV TIMUR RAIMOVICH | C18: YTT | E18: 32806862900022 | F18: 32806862900022 | G18: Blok A - 28-do'kon | H18: =VLOOKUP(E18,[1]Лист1!$E$4:$F$17052,2,0) -> 0 | I18: =VLOOKUP(E18,[2]Лист1!$E$4:$F$17052,2,0) -> 0 | J18: =VLOOKUP(E18,[3]Лист1!$E$4:$F$17052,2,0) -> 0 | K18: =VLOOKUP(E18,[4]Лист1!$E$4:$F$17052,2,0) -> 0 | L18: =VLOOKUP(E18,[5]Лист1!$E$4:$F$17055,2,0) -> 20000 | M18: =VLOOKUP(E18,[6]Лист1!$E$4:$F$17055,2,0) -> 23200 | N18: 0 | O18: 0 | P18: 0 | Q18: 0
A19: 589 | B19: IBROXIMOV ASADBEK ISOQJON O‘G‘LI | C19: YTT | E19: 32408996920053 | F19: 589719443 | G19: Blok A - 15-do'kon | H19: 0 | I19: 0 | J19: 0 | K19: 0 | L19: 0 | M19: 0 | N19: 0 | O19: 0 | P19: 0 | Q19: 0
A20: 532 | B20: SAXIBAYEV SHAROF SHOKIRJONOVICH | C20: YTT | E20: 31705862180016 | F20: 31705862180016 | G20: Blok A - 1-do'kon | H20: =VLOOKUP(E20,[1]Лист1!$E$4:$F$17052,2,0) -> 0 | I20: =VLOOKUP(E20,[2]Лист1!$E$4:$F$17052,2,0) -> 0 | J20: =VLOOKUP(E20,[3]Лист1!$E$4:$F$17052,2,0) -> 0 | K20: =VLOOKUP(E20,[4]Лист1!$E$4:$F$17052,2,0) -> 3273 | L20: =VLOOKUP(E20,[5]Лист1!$E$4:$F$17055,2,0) -> 2930 | M20: =VLOOKUP(E20,[6]Лист1!$E$4:$F$17055,2,0) -> 1280 | N20: 0 | O20: 0 | P20: 0 | Q20: 0
A21: 162 | B21: MAJIDOV MOXIRJON MUMINJONOVICH | C21: YTT | E21: 52010046610076 | F21: 52010046610076 | G21: Blok A - 25-do'kon | H21: =VLOOKUP(E21,[1]Лист1!$E$4:$F$17052,2,0) -> 0 | I21: =VLOOKUP(E21,[2]Лист1!$E$4:$F$17052,2,0) -> 72615 | J21: =VLOOKUP(E21,[3]Лист1!$E$4:$F$17052,2,0) -> 62762.5 | K21: =VLOOKUP(E21,[4]Лист1!$E$4:$F$17052,2,0) -> 80299.5 | L21: =VLOOKUP(E21,[5]Лист1!$E$4:$F$17055,2,0) -> 45691 | M21: =VLOOKUP(E21,[6]Лист1!$E$4:$F$17055,2,0) -> 85989 | N21: 0 | O21: 0 | P21: 0 | Q21: 0
A22: 775 | B22: MUXAMMADIYEV JASUR ABDUJAMILEVICH | C22: YTT | E22: 32508892560062 | F22: 603556809 | G22: Blok SM - Merkato-do'kon | H22: =VLOOKUP(E22,[1]Лист1!$E$4:$F$17052,2,0) -> 0 | I22: =VLOOKUP(E22,[2]Лист1!$E$4:$F$17052,2,0) -> 0 | J22: =VLOOKUP(E22,[3]Лист1!$E$4:$F$17052,2,0) -> 0 | K22: =VLOOKUP(E22,[4]Лист1!$E$4:$F$17052,2,0) -> 4777 | L22: =VLOOKUP(E22,[5]Лист1!$E$4:$F$17055,2,0) -> 31555 | M22: =VLOOKUP(E22,[6]Лист1!$E$4:$F$17055,2,0) -> 12315 | N22: 0 | O22: 0 | P22: 0 | Q22: 0
A23: 914 | B23: UMARBEKOV JOVLONBEK RAVSHANBEKOVICH | C23: YTT | E23: 30711820220099 | F23: 30711820220099 | G23: Blok A - 28-do'kon | H23: 0 | I23: 0 | J23: 0 | K23: 0 | L23: 0 | M23: 0 | N23: 0 | O23: 0 | P23: 0 | Q23: 0
A24: 691 | B24: SHAIKRAMOV ULUGBEK RUSTAMOVICH | C24: YTT | E24: 30902870170034 | F24: 30902870170034 | G24: Blok B - 2-do'kon | H24: 0 | I24: 0 | J24: 0 | K24: 0 | L24: 0 | M24: 0 | N24: 0 | O24: 0 | P24: 0 | Q24: 0
A25: 275 | B25: ABDUKARIMOV ABDULAZIZ XASAN O‘G‘LI | C25: YTT | E25: 31412986590057 | F25: 31412986590057 | G25: Blok B - 18-do'kon | H25: =VLOOKUP(E25,[1]Лист1!$E$4:$F$17052,2,0) -> 0 | I25: =VLOOKUP(E25,[2]Лист1!$E$4:$F$17052,2,0) -> 58850 | J25: =VLOOKUP(E25,[3]Лист1!$E$4:$F$17052,2,0) -> 21916 | K25: =VLOOKUP(E25,[4]Лист1!$E$4:$F$17052,2,0) -> 50000 | L25: =VLOOKUP(E25,[5]Лист1!$E$4:$F$17055,2,0) -> 31136.2 | M25: =VLOOKUP(E25,[6]Лист1!$E$4:$F$17055,2,0) -> 30301 | N25: 0 | O25: 0 | P25: 0 | Q25: 0
A26: 323 | B26: MIRZAXIDOV ABDULXAY ADXAMOVICH | C26: YTT | E26: 31402710170053 | F26: 31402710170053 | G26: Blok B - 29-do'kon | H26: =VLOOKUP(E26,[1]Лист1!$E$4:$F$17052,2,0) -> 2000 | I26: =VLOOKUP(E26,[2]Лист1!$E$4:$F$17052,2,0) -> 73139 | J26: =VLOOKUP(E26,[3]Лист1!$E$4:$F$17052,2,0) -> 13470 | K26: =VLOOKUP(E26,[4]Лист1!$E$4:$F$17052,2,0) -> 9564 | L26: =VLOOKUP(E26,[5]Лист1!$E$4:$F$17055,2,0) -> 7000 | M26: =VLOOKUP(E26,[6]Лист1!$E$4:$F$17055,2,0) -> 15540 | N26: 0 | O26: 0 | P26: 0 | Q26: 0
A27: 320 | B27: TOLIPOV OQILJON ABDURASULOVICH | C27: YTT | E27: 52703066610017 | F27: 52703066610017 | G27: Blok B - 29-do'kon | H27: =VLOOKUP(E27,[1]Лист1!$E$4:$F$17052,2,0) -> 18850 | I27: =VLOOKUP(E27,[2]Лист1!$E$4:$F$17052,2,0) -> 44304.5 | J27: =VLOOKUP(E27,[3]Лист1!$E$4:$F$17052,2,0) -> 24269 | K27: =VLOOKUP(E27,[4]Лист1!$E$4:$F$17052,2,0) -> 20700 | L27: =VLOOKUP(E27,[5]Лист1!$E$4:$F$17055,2,0) -> 56090 | M27: =VLOOKUP(E27,[6]Лист1!$E$4:$F$17055,2,0) -> 29628 | N27: 0 | O27: 0 | P27: 0 | Q27: 0
A28: 114 | B28: HOTAMOV NAJMIDDINBEK O‘KTAM O‘G‘LI | C28: YTT | E28: 51201006500020 | F28: 51201006500020 | G28: Blok A - 18-do'kon | H28: 0 | I28: 0 | J28: 0 | K28: 0 | L28: 0 | M28: 0 | N28: 0 | O28: 0 | P28: 0 | Q28: 0
A29: 85 | B29: RAIMOV ABDUGANI ABDUJALILOVICH | C29: YTT | E29: 31407866520013 | F29: 31407866520013 | G29: Blok A - 13-do'kon | H29: =VLOOKUP(E29,[1]Лист1!$E$4:$F$17052,2,0) -> 45229 | I29: =VLOOKUP(E29,[2]Лист1!$E$4:$F$17052,2,0) -> 86321 | J29: =VLOOKUP(E29,[3]Лист1!$E$4:$F$17052,2,0) -> 0 | K29: =VLOOKUP(E29,[4]Лист1!$E$4:$F$17052,2,0) -> 0 | L29: =VLOOKUP(E29,[5]Лист1!$E$4:$F$17055,2,0) -> 0 | M29: =VLOOKUP(E29,[6]Лист1!$E$4:$F$17055,2,0) -> 0 | N29: 0 | O29: 0 | P29: 0 | Q29: 0
A30: 70 | B30: XAKIMJONOV JAFARALI RASULJON O‘G‘LI | C30: YTT | E30: 52709026610017 | F30: 634565780 | G30: Blok A - 12-do'kon | H30: =VLOOKUP(E30,[1]Лист1!$E$4:$F$17052,2,0) -> 0 | I30: =VLOOKUP(E30,[2]Лист1!$E$4:$F$17052,2,0) -> 10840 | J30: =VLOOKUP(E30,[3]Лист1!$E$4:$F$17052,2,0) -> 4639 | K30: =VLOOKUP(E30,[4]Лист1!$E$4:$F$17052,2,0) -> 9035 | L30: =VLOOKUP(E30,[5]Лист1!$E$4:$F$17055,2,0) -> 19897 | M30: =VLOOKUP(E30,[6]Лист1!$E$4:$F$17055,2,0) -> 7009 | N30: 0 | O30: 0 | P30: 0 | Q30: 0
A31: 124 | B31: GAZIZYANOV SHAMIL SALAVATOVICH | C31: YTT | E31: 31810800140020 | F31: 499864634 | G31: Blok A - 19-do'kon | H31: =VLOOKUP(E31,[1]Лист1!$E$4:$F$17052,2,0) -> 0 | I31: =VLOOKUP(E31,[2]Лист1!$E$4:$F$17052,2,0) -> 25155 | J31: =VLOOKUP(E31,[3]Лист1!$E$4:$F$17052,2,0) -> 70520 | K31: =VLOOKUP(E31,[4]Лист1!$E$4:$F$17052,2,0) -> 44924.6 | L31: =VLOOKUP(E31,[5]Лист1!$E$4:$F$17055,2,0) -> 73260 | M31: =VLOOKUP(E31,[6]Лист1!$E$4:$F$17055,2,0) -> 36190 | N31: 0 | O31: 0 | P31: 0 | Q31: 0
A32: 24 | B32: ERGASHEV KOMILJON RUSTAM O‘G‘LI | C32: YTT | E32: 31511996570010 | F32: 567867422 | G32: Blok A - 5-do'kon | H32: =VLOOKUP(E32,[1]Лист1!$E$4:$F$17052,2,0) -> 0 | I32: =VLOOKUP(E32,[2]Лист1!$E$4:$F$17052,2,0) -> 15942 | J32: =VLOOKUP(E32,[3]Лист1!$E$4:$F$17052,2,0) -> 30500 | K32: =VLOOKUP(E32,[4]Лист1!$E$4:$F$17052,2,0) -> 32681 | L32: =VLOOKUP(E32,[5]Лист1!$E$4:$F$17055,2,0) -> 24545 | M32: =VLOOKUP(E32,[6]Лист1!$E$4:$F$17055,2,0) -> 22455 | N32: 0 | O32: 0 | P32: 0 | Q32: 0
A33: 544 | B33: IBROHIMOV JO‘RABEK AHMADJON O‘G‘LI | C33: YTT | E33: 32109986540032 | F33: 32109986540032 | G33: Blok A - 4-do'kon | H33: =VLOOKUP(E33,[1]Лист1!$E$4:$F$17052,2,0) -> 51863.8 | I33: =VLOOKUP(E33,[2]Лист1!$E$4:$F$17052,2,0) -> 38250 | J33: =VLOOKUP(E33,[3]Лист1!$E$4:$F$17052,2,0) -> 39190 | K33: =VLOOKUP(E33,[4]Лист1!$E$4:$F$17052,2,0) -> 81933.5 | L33: =VLOOKUP(E33,[5]Лист1!$E$4:$F$17055,2,0) -> 70233.4 | M33: =VLOOKUP(E33,[6]Лист1!$E$4:$F$17055,2,0) -> 31644 | N33: 0 | O33: 0 | P33: 0 | Q33: 0
A34: 12 | B34: Intouch" Mchj | C34: MCHJ | D34: 306067924 | G34: Blok A - 3-do'kon | H34: 0 | I34: 0 | J34: 0 | K34: 0 | L34: 0 | M34: 0 | N34: =VLOOKUP(E34,[7]FIRMA!$K$7:$AH$547,24,0) -> #N/A | O34: =VLOOKUP(E34,[7]FIRMA!$K$7:$AL$547,28,0) -> #N/A | P34: =VLOOKUP(E34,[8]умумий!$O$3:$CL$775,76,0) -> 0 | Q34: =VLOOKUP(E34,[9]умумий!$P$4:$AR$787,29,0) -> #N/A
A35: 35 | B35: BERDIYEV SHAXZOD ZOKIR O‘G‘LI | C35: YTT | E35: 31412936600012 | F35: 504482262 | G35: Blok A - 7-do'kon | H35: 0 | I35: 0 | J35: 0 | K35: 0 | L35: 0 | M35: 0 | N35: 0 | O35: 0 | P35: 0 | Q35: 0
A36: 17 | B36: RASULOV MAXMUDJON DEXKANBAYEVICH | C36: YTT | E36: 30303720221421 | F36: 456122163 | G36: Blok A - 4-do'kon | H36: =VLOOKUP(E36,[1]Лист1!$E$4:$F$17052,2,0) -> 0 | I36: =VLOOKUP(E36,[2]Лист1!$E$4:$F$17052,2,0) -> 2240 | J36: =VLOOKUP(E36,[3]Лист1!$E$4:$F$17052,2,0) -> 7320 | K36: =VLOOKUP(E36,[4]Лист1!$E$4:$F$17052,2,0) -> 18694.8 | L36: =VLOOKUP(E36,[5]Лист1!$E$4:$F$17055,2,0) -> 16658 | M36: =VLOOKUP(E36,[6]Лист1!$E$4:$F$17055,2,0) -> 3420 | N36: 0 | O36: 0 | P36: 0 | Q36: 0
A37: 879 | B37: TUROBOV ABDULSHUKUR ABDUQAYUM O‘G‘LI | C37: YTT | E37: 31505950210045 | F37: 31505950210045 | G37: Blok A - 13-do'kon | H37: 0 | I37: 0 | J37: 0 | K37: 0 | L37: 0 | M37: 0 | N37: 0 | O37: 0 | P37: 0 | Q37: 0
A38: 269 | B38: ALIYOROVA NATALIYA KUSHMURATOVNA | C38: YTT | E38: 42206810230088 | F38: 486931320 | G38: Blok B - 16-do'kon | H38: =VLOOKUP(E38,[1]Лист1!$E$4:$F$17052,2,0) -> 0 | I38: =VLOOKUP(E38,[2]Лист1!$E$4:$F$17052,2,0) -> 0 | J38: =VLOOKUP(E38,[3]Лист1!$E$4:$F$17052,2,0) -> 850 | K38: =VLOOKUP(E38,[4]Лист1!$E$4:$F$17052,2,0) -> 14180 | L38: =VLOOKUP(E38,[5]Лист1!$E$4:$F$17055,2,0) -> 12500 | M38: =VLOOKUP(E38,[6]Лист1!$E$4:$F$17055,2,0) -> 13060 | N38: 0 | O38: 0 | P38: 0 | Q38: 0
A39: 665 | B39: MURADJANOV JAVOHIR ALIMDJON O‘G‘LI | C39: YTT | E39: 52611076590040 | F39: 52611076590040 | G39: Blok A - 18-do'kon | H39: =VLOOKUP(E39,[1]Лист1!$E$4:$F$17052,2,0) -> 0 | I39: =VLOOKUP(E39,[2]Лист1!$E$4:$F$17052,2,0) -> 0 | J39: =VLOOKUP(E39,[3]Лист1!$E$4:$F$17052,2,0) -> 0 | K39: =VLOOKUP(E39,[4]Лист1!$E$4:$F$17052,2,0) -> 0 | L39: =VLOOKUP(E39,[5]Лист1!$E$4:$F$17055,2,0) -> 0 | M39: =VLOOKUP(E39,[6]Лист1!$E$4:$F$17055,2,0) -> 125403.1 | N39: 0 | O39: 0 | P39: 0 | Q39: 0
A40: 606 | B40: NIYAZOV SHERZOD AXMADALIYEVICH | C40: YTT | E40: 32401910241399 | F40: 32401910241399 | G40: Blok A - 19-do'kon | H40: =VLOOKUP(E40,[1]Лист1!$E$4:$F$17052,2,0) -> 0 | I40: =VLOOKUP(E40,[2]Лист1!$E$4:$F$17052,2,0) -> 0 | J40: =VLOOKUP(E40,[3]Лист1!$E$4:$F$17052,2,0) -> 0 | K40: =VLOOKUP(E40,[4]Лист1!$E$4:$F$17052,2,0) -> 4770 | L40: =VLOOKUP(E40,[5]Лист1!$E$4:$F$17055,2,0) -> 24467.5 | M40: =VLOOKUP(E40,[6]Лист1!$E$4:$F$17055,2,0) -> 10055 | N40: 0 | O40: 0 | P40: 0 | Q40: 0
A41: 639 | B41: ABDULLAJONOV ABDURASUL ABDUJALIL O‘G‘LI | C41: YTT | E41: 50202005920032 | F41: 612370704 | G41: Blok A - 37-do'kon | H41: =VLOOKUP(E41,[1]Лист1!$E$4:$F$17052,2,0) -> 0 | I41: =VLOOKUP(E41,[2]Лист1!$E$4:$F$17052,2,0) -> 0 | J41: =VLOOKUP(E41,[3]Лист1!$E$4:$F$17052,2,0) -> 0 | K41: =VLOOKUP(E41,[4]Лист1!$E$4:$F$17052,2,0) -> 3082 | L41: =VLOOKUP(E41,[5]Лист1!$E$4:$F$17055,2,0) -> 35979 | M41: =VLOOKUP(E41,[6]Лист1!$E$4:$F$17055,2,0) -> 4540 | N41: 0 | O41: 0 | P41: 0 | Q41: 0
A42: 786 | B42: SHARAFIDDINOV JAMSHID XUSNIDDIN O‘G‘LI | C42: YTT | E42: 50206046500013 | F42: 50206046500013 | G42: Blok SM - Merkato-do'kon | H42: =VLOOKUP(E42,[1]Лист1!$E$4:$F$17052,2,0) -> 0 | I42: =VLOOKUP(E42,[2]Лист1!$E$4:$F$17052,2,0) -> 0 | J42: =VLOOKUP(E42,[3]Лист1!$E$4:$F$17052,2,0) -> 0 | K42: =VLOOKUP(E42,[4]Лист1!$E$4:$F$17052,2,0) -> 1.1 | L42: =VLOOKUP(E42,[5]Лист1!$E$4:$F$17055,2,0) -> 45242 | M42: =VLOOKUP(E42,[6]Лист1!$E$4:$F$17055,2,0) -> 1200 | N42: 0 | O42: 0 | P42: 0 | Q42: 0
A43: 152 | B43: SOBIROV ABDULLOH ABDUVAXOB O‘G‘LI | C43: YTT | E43: 31607966540096 | F43: 31607966540096 | G43: Blok A - 23-do'kon | H43: 0 | I43: 0 | J43: 0 | K43: 0 | L43: 0 | M43: 0 | N43: 0 | O43: 0 | P43: 0 | Q43: 0
A44: 820 | B44: ZUFAROV RAVSHAN YADGAROVICH | C44: YTT | E44: 32812876500022 | F44: 32812876500022 | G44: Blok B - 35-do'kon | H44: =VLOOKUP(E44,[1]Лист1!$E$4:$F$17052,2,0) -> 0 | I44: =VLOOKUP(E44,[2]Лист1!$E$4:$F$17052,2,0) -> 0 | J44: =VLOOKUP(E44,[3]Лист1!$E$4:$F$17052,2,0) -> 0 | K44: =VLOOKUP(E44,[4]Лист1!$E$4:$F$17052,2,0) -> 9010.1 | L44: =VLOOKUP(E44,[5]Лист1!$E$4:$F$17055,2,0) -> 52000.9 | M44: =VLOOKUP(E44,[6]Лист1!$E$4:$F$17055,2,0) -> 45286.3 | N44: 0 | O44: 0 | P44: 0 | Q44: 0
A45: 358 | B45: KOMILOV BEKZODJON NODIR O‘G‘LI | C45: YTT | E45: 50811056610054 | F45: 50811056610054 | G45: Blok B - 36-do'kon | H45: 0 | I45: 0 | J45: 0 | K45: 0 | L45: 0 | M45: 0 | N45: 0 | O45: 0 | P45: 0 | Q45: 0
A46: 806 | B46: XAYDAROV MIRASQAR MIRAKBAR O‘G‘LI | C46: YTT | E46: 32907920220020 | F46: 32907920220020 | G46: Blok B - 9-do'kon | H46: 0 | I46: 0 | J46: 0 | K46: 0 | L46: 0 | M46: 0 | N46: 0 | O46: 0 | P46: 0 | Q46: 0
A47: 131 | B47: XUDOYBERDIYEV OYBEK ULUG‘BEK O‘G‘LI | C47: YTT | E47: 31609956610064 | F47: 31609956610064 | G47: Blok A - 20-do'kon | H47: =VLOOKUP(E47,[1]Лист1!$E$4:$F$17052,2,0) -> 0 | I47: =VLOOKUP(E47,[2]Лист1!$E$4:$F$17052,2,0) -> 0 | J47: =VLOOKUP(E47,[3]Лист1!$E$4:$F$17052,2,0) -> 0 | K47: =VLOOKUP(E47,[4]Лист1!$E$4:$F$17052,2,0) -> 45466 | L47: =VLOOKUP(E47,[5]Лист1!$E$4:$F$17055,2,0) -> 54827 | M47: =VLOOKUP(E47,[6]Лист1!$E$4:$F$17055,2,0) -> 28395 | N47: 0 | O47: 0 | P47: 0 | Q47: 0
A48: 404 | B48: FAYAZOV FARRUX FURQAT-O‘G‘LI | C48: YTT | E48: 30710956520044 | F48: 30710956520044 | G48: Blok J - 1-do'kon | H48: =VLOOKUP(E48,[1]Лист1!$E$4:$F$17052,2,0) -> 3167.6 | I48: =VLOOKUP(E48,[2]Лист1!$E$4:$F$17052,2,0) -> 14012 | J48: =VLOOKUP(E48,[3]Лист1!$E$4:$F$17052,2,0) -> 0 | K48: =VLOOKUP(E48,[4]Лист1!$E$4:$F$17052,2,0) -> 11369.1 | L48: =VLOOKUP(E48,[5]Лист1!$E$4:$F$17055,2,0) -> 7107.1 | M48: =VLOOKUP(E48,[6]Лист1!$E$4:$F$17055,2,0) -> 2729.6 | N48: 0 | O48: 0 | P48: 0 | Q48: 0
A49: 80 | B49: ADASHEV OYBEK AKMAL O‘G‘LI | C49: YTT | E49: 51906006590025 | F49: 630333265 | G49: Blok A - 12-do'kon | H49: =VLOOKUP(E49,[1]Лист1!$E$4:$F$17052,2,0) -> 0 | I49: =VLOOKUP(E49,[2]Лист1!$E$4:$F$17052,2,0) -> 3230 | J49: =VLOOKUP(E49,[3]Лист1!$E$4:$F$17052,2,0) -> 380 | K49: =VLOOKUP(E49,[4]Лист1!$E$4:$F$17052,2,0) -> 0 | L49: =VLOOKUP(E49,[5]Лист1!$E$4:$F$17055,2,0) -> 1500 | M49: =VLOOKUP(E49,[6]Лист1!$E$4:$F$17055,2,0) -> 14277 | N49: 0 | O49: 0 | P49: 0 | Q49: 0
A50: 248 | B50: Ddaarr" Mchj | C50: MCHJ | D50: 306823141 | G50: Blok B - 11-do'kon | H50: 0 | I50: 0 | J50: 0 | K50: 0 | L50: 0 | M50: 0 | N50: =VLOOKUP(E50,[7]FIRMA!$K$7:$AH$547,24,0) -> #N/A | O50: =VLOOKUP(E50,[7]FIRMA!$K$7:$AL$547,28,0) -> #N/A | P50: =VLOOKUP(E50,[8]умумий!$O$3:$CL$775,76,0) -> 0 | Q50: =VLOOKUP(E50,[9]умумий!$P$4:$AR$787,29,0) -> #N/A
A51: 565 | B51: ZAPOROJETS VASILIY VITALEVICH | C51: YTT | E51: 31012860230055 | F51: 31012860230055 | G51: Blok A - 9-do'kon | H51: =VLOOKUP(E51,[1]Лист1!$E$4:$F$17052,2,0) -> 0 | I51: =VLOOKUP(E51,[2]Лист1!$E$4:$F$17052,2,0) -> 0 | J51: =VLOOKUP(E51,[3]Лист1!$E$4:$F$17052,2,0) -> 55247 | K51: =VLOOKUP(E51,[4]Лист1!$E$4:$F$17052,2,0) -> 47660 | L51: =VLOOKUP(E51,[5]Лист1!$E$4:$F$17055,2,0) -> 79331 | M51: =VLOOKUP(E51,[6]Лист1!$E$4:$F$17055,2,0) -> 40365 | N51: 0 | O51: 0 | P51: 0 | Q51: 0
A52: 112 | B52: YAXYAYEV SAIDAZIMXON SAIDALIMOVICH | C52: YTT | E52: 32909840290011 | F52: 32909840290011 | G52: Blok A - 18-do'kon | H52: =VLOOKUP(E52,[1]Лист1!$E$4:$F$17052,2,0) -> 0 | I52: =VLOOKUP(E52,[2]Лист1!$E$4:$F$17052,2,0) -> 0 | J52: =VLOOKUP(E52,[3]Лист1!$E$4:$F$17052,2,0) -> 0 | K52: =VLOOKUP(E52,[4]Лист1!$E$4:$F$17052,2,0) -> 17270 | L52: =VLOOKUP(E52,[5]Лист1!$E$4:$F$17055,2,0) -> 23807 | M52: =VLOOKUP(E52,[6]Лист1!$E$4:$F$17055,2,0) -> 44329.3 | N52: 0 | O52: 0 | P52: 0 | Q52: 0
A53: 476 | B53: Easy-Shop" Mchj | C53: MCHJ | D53: 309433862 | G53: Blok SM - Merkato-do'kon | H53: 0 | I53: 0 | J53: 0 | K53: 0 | L53: 0 | M53: 0 | N53: =VLOOKUP(E53,[7]FIRMA!$K$7:$AH$547,24,0) -> #N/A | O53: =VLOOKUP(E53,[7]FIRMA!$K$7:$AL$547,28,0) -> #N/A | P53: =VLOOKUP(E53,[8]умумий!$O$3:$CL$775,76,0) -> 0 | Q53: =VLOOKUP(E53,[9]умумий!$P$4:$AR$787,29,0) -> #N/A
A54: 74 | B54: SAXIBAYEV JASURBEK ABDUVALIYEVICH | C54: YTT | E54: 30901912180088 | F54: 564346660 | G54: Blok A - 12-do'kon | H54: 0 | I54: 0 | J54: 0 | K54: 0 | L54: 0 | M54: 0 | N54: 0 | O54: 0 | P54: 0 | Q54: 0
A55: 494 | B55: SOBIROV ISLOMBEK HUSEN O‘G‘LI | C55: YTT | E55: 32512911110026 | F55: 32512911110026 | G55: Blok SM - Merkato-do'kon | H55: 0 | I55: 0 | J55: 0 | K55: 0 | L55: 0 | M55: 0 | N55: 0 | O55: 0 | P55: 0 | Q55: 0
A56: 557 | B56: ZUXRIDDINOV SHOXOBIDDIN FAZLIDDIN O‘G‘LI | C56: YTT | E56: 31905976670061 | F56: 612514254 | G56: Blok A - 4-do'kon | H56: =VLOOKUP(E56,[1]Лист1!$E$4:$F$17052,2,0) -> 0 | I56: =VLOOKUP(E56,[2]Лист1!$E$4:$F$17052,2,0) -> 0 | J56: =VLOOKUP(E56,[3]Лист1!$E$4:$F$17052,2,0) -> 21720 | K56: =VLOOKUP(E56,[4]Лист1!$E$4:$F$17052,2,0) -> 19012 | L56: =VLOOKUP(E56,[5]Лист1!$E$4:$F$17055,2,0) -> 2500 | M56: =VLOOKUP(E56,[6]Лист1!$E$4:$F$17055,2,0) -> 15271 | N56: 0 | O56: 0 | P56: 0 | Q56: 0
A57: 535 | B57: BERDIYOROV ASROR SHUHRAT O‘G‘LI | C57: YTT | E57: 31208966580017 | F57: 31208966580017 | G57: Blok A - 2-do'kon | H57: =VLOOKUP(E57,[1]Лист1!$E$4:$F$17052,2,0) -> 0 | I57: =VLOOKUP(E57,[2]Лист1!$E$4:$F$17052,2,0) -> 0 | J57: =VLOOKUP(E57,[3]Лист1!$E$4:$F$17052,2,0) -> 43330 | K57: =VLOOKUP(E57,[4]Лист1!$E$4:$F$17052,2,0) -> 58715 | L57: =VLOOKUP(E57,[5]Лист1!$E$4:$F$17055,2,0) -> 57425 | M57: =VLOOKUP(E57,[6]Лист1!$E$4:$F$17055,2,0) -> 48106 | N57: 0 | O57: 0 | P57: 0 | Q57: 0
A58: 551 | B58: ERKINOV ABDUMAJID ABDUG‘ANI O‘G‘LI | C58: YTT | E58: 52805026750022 | F58: 612424438 | G58: Blok A - 5-do'kon | H58: =VLOOKUP(E58,[1]Лист1!$E$4:$F$17052,2,0) -> 0 | I58: =VLOOKUP(E58,[2]Лист1!$E$4:$F$17052,2,0) -> 0 | J58: =VLOOKUP(E58,[3]Лист1!$E$4:$F$17052,2,0) -> 0 | K58: =VLOOKUP(E58,[4]Лист1!$E$4:$F$17052,2,0) -> 43324 | L58: =VLOOKUP(E58,[5]Лист1!$E$4:$F$17055,2,0) -> 31141 | M58: =VLOOKUP(E58,[6]Лист1!$E$4:$F$17055,2,0) -> 26520 | N58: 0 | O58: 0 | P58: 0 | Q58: 0
A59: 146 | B59: Elite Office Chair" Mchj | C59: MCHJ | D59: 309433862 | G59: Blok A - 23-do'kon | H59: 0 | I59: 0 | J59: 0 | K59: 0 | L59: 0 | M59: 0 | N59: =VLOOKUP(E59,[7]FIRMA!$K$7:$AH$547,24,0) -> #N/A | O59: =VLOOKUP(E59,[7]FIRMA!$K$7:$AL$547,28,0) -> #N/A | P59: =VLOOKUP(E59,[8]умумий!$O$3:$CL$775,76,0) -> 0 | Q59: =VLOOKUP(E59,[9]умумий!$P$4:$AR$787,29,0) -> #N/A
A60: 285 | B60: TAJIBAYEV SHERZOD ERGASHOVICH | C60: YTT | E60: 30708880222123 | F60: 30708880222123 | G60: Blok B - 21-do'kon | H60: =VLOOKUP(E60,[1]Лист1!$E$4:$F$17052,2,0) -> 0 | I60: =VLOOKUP(E60,[2]Лист1!$E$4:$F$17052,2,0) -> 76580.3 | J60: =VLOOKUP(E60,[3]Лист1!$E$4:$F$17052,2,0) -> 81045 | K60: =VLOOKUP(E60,[4]Лист1!$E$4:$F$17052,2,0) -> 76451.3 | L60: =VLOOKUP(E60,[5]Лист1!$E$4:$F$17055,2,0) -> 81591.7 | M60: =VLOOKUP(E60,[6]Лист1!$E$4:$F$17055,2,0) -> 77734.5 | N60: 0 | O60: 0 | P60: 0 | Q60: 0
A61: 899 | B61: XUSANOV QODIRJON ABDURAXIM O‘G‘LI | C61: YTT | E61: 32807952170138 | F61: 32807952170138 | G61: Blok A - 25-do'kon | H61: =VLOOKUP(E61,[1]Лист1!$E$4:$F$17052,2,0) -> 0 | I61: =VLOOKUP(E61,[2]Лист1!$E$4:$F$17052,2,0) -> 0 | J61: =VLOOKUP(E61,[3]Лист1!$E$4:$F$17052,2,0) -> 0 | K61: =VLOOKUP(E61,[4]Лист1!$E$4:$F$17052,2,0) -> 0 | L61: =VLOOKUP(E61,[5]Лист1!$E$4:$F$17055,2,0) -> 21590 | M61: =VLOOKUP(E61,[6]Лист1!$E$4:$F$17055,2,0) -> 27371 | N61: 0 | O61: 0 | P61: 0 | Q61: 0
A62: 63 | B62: ILYASOV MUXIDDIN XUSNITDINOVICH | C62: YTT | E62: 30307820190049 | F62: 30307820190049 | G62: Blok A - 10-do'kon | H62: =VLOOKUP(E62,[1]Лист1!$E$4:$F$17052,2,0) -> 78839 | I62: =VLOOKUP(E62,[2]Лист1!$E$4:$F$17052,2,0) -> 111857 | J62: =VLOOKUP(E62,[3]Лист1!$E$4:$F$17052,2,0) -> 118636 | K62: =VLOOKUP(E62,[4]Лист1!$E$4:$F$17052,2,0) -> 165206 | L62: =VLOOKUP(E62,[5]Лист1!$E$4:$F$17055,2,0) -> 85590 | M62: =VLOOKUP(E62,[6]Лист1!$E$4:$F$17055,2,0) -> 56199 | N62: 0 | O62: 0 | P62: 0 | Q62: 0
A63: 173 | B63: TURGUNOV SARDOR TULKUNOVICH | C63: YTT | E63: 30705860190045 | F63: 486143296 | G63: Blok A - 27-do'kon | H63: =VLOOKUP(E63,[1]Лист1!$E$4:$F$17052,2,0) -> 0 | I63: =VLOOKUP(E63,[2]Лист1!$E$4:$F$17052,2,0) -> 1700 | J63: =VLOOKUP(E63,[3]Лист1!$E$4:$F$17052,2,0) -> 16135 | K63: =VLOOKUP(E63,[4]Лист1!$E$4:$F$17052,2,0) -> 7230 | L63: =VLOOKUP(E63,[5]Лист1!$E$4:$F$17055,2,0) -> 16438 | M63: =VLOOKUP(E63,[6]Лист1!$E$4:$F$17055,2,0) -> 9276 | N63: 0 | O63: 0 | P63: 0 | Q63: 0
A64: 917 | B64: AGZAMOV DONIYOR OYBEKOVICH | C64: YTT | E64: 32511870290042 | F64: 593428228 | G64: Blok A - 33-do'kon | H64: =VLOOKUP(E64,[1]Лист1!$E$4:$F$17052,2,0) -> 0 | I64: =VLOOKUP(E64,[2]Лист1!$E$4:$F$17052,2,0) -> 0 | J64: =VLOOKUP(E64,[3]Лист1!$E$4:$F$17052,2,0) -> 0 | K64: =VLOOKUP(E64,[4]Лист1!$E$4:$F$17052,2,0) -> 0 | L64: =VLOOKUP(E64,[5]Лист1!$E$4:$F$17055,2,0) -> 13550 | M64: =VLOOKUP(E64,[6]Лист1!$E$4:$F$17055,2,0) -> 12510 | N64: 0 | O64: 0 | P64: 0 | Q64: 0
A65: 282 | B65: AHADOV QUTBIDDIN JALOLIDDIN O‘G‘LI | C65: YTT | E65: 30312930220072 | F65: 30312930220072 | G65: Blok B - 21-do'kon | H65: =VLOOKUP(E65,[1]Лист1!$E$4:$F$17052,2,0) -> 143602.8 | I65: =VLOOKUP(E65,[2]Лист1!$E$4:$F$17052,2,0) -> 51723 | J65: =VLOOKUP(E65,[3]Лист1!$E$4:$F$17052,2,0) -> 71943 | K65: =VLOOKUP(E65,[4]Лист1!$E$4:$F$17052,2,0) -> 99379.4 | L65: =VLOOKUP(E65,[5]Лист1!$E$4:$F$17055,2,0) -> 75997.9 | M65: =VLOOKUP(E65,[6]Лист1!$E$4:$F$17055,2,0) -> 51456 | N65: 0 | O65: 0 | P65: 0 | Q65: 0
A66: 834 | B66: XAKIMOV SHAVKATJON SOBIR O‘G‘LI | C66: YTT | E66: 31407930211621 | F66: 31407930211621 | G66: Blok A - 9-do'kon | H66: 0 | I66: 0 | J66: 0 | K66: 0 | L66: 0 | M66: 0 | N66: 0 | O66: 0 | P66: 0 | Q66: 0
A67: 235 | B67: MIRZARAXIMOV YODGOR GAFFAROVICH | C67: YTT | E67: 30711910223124 | F67: 30711910223124 | G67: Blok B - 7-do'kon | H67: =VLOOKUP(E67,[1]Лист1!$E$4:$F$17052,2,0) -> 0 | I67: =VLOOKUP(E67,[2]Лист1!$E$4:$F$17052,2,0) -> 32745 | J67: =VLOOKUP(E67,[3]Лист1!$E$4:$F$17052,2,0) -> 49390 | K67: =VLOOKUP(E67,[4]Лист1!$E$4:$F$17052,2,0) -> 39672 | L67: =VLOOKUP(E67,[5]Лист1!$E$4:$F$17055,2,0) -> 43409 | M67: =VLOOKUP(E67,[6]Лист1!$E$4:$F$17055,2,0) -> 39262 | N67: 0 | O67: 0 | P67: 0 | Q67: 0
A68: 21 | B68: TOXIROV DAVRON XAYDAR O‘G‘LI | C68: YTT | E68: 32404910600036 | F68: 32404910600036 | G68: Blok A - 4-do'kon | H68: =VLOOKUP(E68,[1]Лист1!$E$4:$F$17052,2,0) -> 0 | I68: =VLOOKUP(E68,[2]Лист1!$E$4:$F$17052,2,0) -> 11270 | J68: =VLOOKUP(E68,[3]Лист1!$E$4:$F$17052,2,0) -> 35559 | K68: =VLOOKUP(E68,[4]Лист1!$E$4:$F$17052,2,0) -> 22243 | L68: =VLOOKUP(E68,[5]Лист1!$E$4:$F$17055,2,0) -> 16890 | M68: =VLOOKUP(E68,[6]Лист1!$E$4:$F$17055,2,0) -> 17702 | N68: 0 | O68: 0 | P68: 0 | Q68: 0
A69: 628 | B69: MUZAFAROV MURODXUJA SAYDALIYEVICH | C69: YTT | E69: 30702780070013 | F69: 30702780070013 | G69: Blok A - 29-do'kon | H69: 0 | I69: 0 | J69: 0 | K69: 0 | L69: 0 | M69: 0 | N69: 0 | O69: 0 | P69: 0 | Q69: 0
A70: 311 | B70: ABDUMAJIDOV SHERZOD NARIMON O‘G‘LI | C70: YTT | E70: 32804920192079 | F70: 547014955 | G70: Blok B - 28-do'kon | H70: =VLOOKUP(E70,[1]Лист1!$E$4:$F$17052,2,0) -> 0 | I70: =VLOOKUP(E70,[2]Лист1!$E$4:$F$17052,2,0) -> 0 | J70: =VLOOKUP(E70,[3]Лист1!$E$4:$F$17052,2,0) -> 0 | K70: =VLOOKUP(E70,[4]Лист1!$E$4:$F$17052,2,0) -> 0 | L70: =VLOOKUP(E70,[5]Лист1!$E$4:$F$17055,2,0) -> 21421 | M70: =VLOOKUP(E70,[6]Лист1!$E$4:$F$17055,2,0) -> 3390 | N70: 0 | O70: 0 | P70: 0 | Q70: 0
A71: 436 | B71: ‘Major Boutique’ Mchj | C71: MCHJ | D71: 307057080 | G71: Blok SM - Merkato-do'kon | H71: 0 | I71: 0 | J71: 0 | K71: 0 | L71: 0 | M71: 0 | N71: =VLOOKUP(E71,[7]FIRMA!$K$7:$AH$547,24,0) -> #N/A | O71: =VLOOKUP(E71,[7]FIRMA!$K$7:$AL$547,28,0) -> #N/A | P71: =VLOOKUP(E71,[8]умумий!$O$3:$CL$775,76,0) -> 0 | Q71: =VLOOKUP(E71,[9]умумий!$P$4:$AR$787,29,0) -> #N/A
A72: 808 | B72: MIRZAYEV BAXODIR RAXMATULLAYEVICH | C72: YTT | E72: 30408866540017 | F72: 30408866540017 | G72: Blok B - 11-do'kon | H72: 0 | I72: 0 | J72: 0 | K72: 0 | L72: 0 | M72: 0 | N72: 0 | O72: 0 | P72: 0 | Q72: 0
A73: 187 | B73: MAXAMATKULOV SANJAR TALXATOVICH | C73: YTT | E73: 32606840250129 | F73: 32606840250129 | G73: Blok A - 30-do'kon | H73: =VLOOKUP(E73,[1]Лист1!$E$4:$F$17052,2,0) -> 57899.7 | I73: =VLOOKUP(E73,[2]Лист1!$E$4:$F$17052,2,0) -> 70350 | J73: =VLOOKUP(E73,[3]Лист1!$E$4:$F$17052,2,0) -> 65427 | K73: =VLOOKUP(E73,[4]Лист1!$E$4:$F$17052,2,0) -> 79751 | L73: =VLOOKUP(E73,[5]Лист1!$E$4:$F$17055,2,0) -> 49856.3 | M73: =VLOOKUP(E73,[6]Лист1!$E$4:$F$17055,2,0) -> 53955 | N73: 0 | O73: 0 | P73: 0 | Q73: 0
A74: 832 | B74: "APLE GOLD PHONE" | C74: MCHJ | D74: 312316818 | G74: Blok A - 4-do'kon | H74: 0 | I74: 0 | J74: 0 | K74: 0 | L74: 0 | M74: 0 | N74: =VLOOKUP(E74,[7]FIRMA!$K$7:$AH$547,24,0) -> #N/A | O74: =VLOOKUP(E74,[7]FIRMA!$K$7:$AL$547,28,0) -> #N/A | P74: =VLOOKUP(E74,[8]умумий!$O$3:$CL$775,76,0) -> 0 | Q74: =VLOOKUP(E74,[9]умумий!$P$4:$AR$787,29,0) -> #N/A
A75: 125 | B75: SOTBOLDIYEV FARRUXBEK ABDUQAHHOR O‘G‘LI | C75: YTT | E75: 32709920251989 | F75: 32709920251989 | G75: Blok A - 19-do'kon | H75: =VLOOKUP(E75,[1]Лист1!$E$4:$F$17052,2,0) -> 0 | I75: =VLOOKUP(E75,[2]Лист1!$E$4:$F$17052,2,0) -> 21594 | J75: =VLOOKUP(E75,[3]Лист1!$E$4:$F$17052,2,0) -> 57849.5 | K75: =VLOOKUP(E75,[4]Лист1!$E$4:$F$17052,2,0) -> 64521 | L75: =VLOOKUP(E75,[5]Лист1!$E$4:$F$17055,2,0) -> 116732 | M75: =VLOOKUP(E75,[6]Лист1!$E$4:$F$17055,2,0) -> 81822 | N75: 0 | O75: 0 | P75: 0 | Q75: 0
A76: 76 | B76: TOLIPOV FURKAT FAZLIDDIN O‘G‘LI | C76: YTT | E76: 32210920262009 | F76: 32210920262009 | G76: Blok A - 12-do'kon | H76: =VLOOKUP(E76,[1]Лист1!$E$4:$F$17052,2,0) -> 0 | I76: =VLOOKUP(E76,[2]Лист1!$E$4:$F$17052,2,0) -> 13750 | J76: =VLOOKUP(E76,[3]Лист1!$E$4:$F$17052,2,0) -> 6367 | K76: =VLOOKUP(E76,[4]Лист1!$E$4:$F$17052,2,0) -> 6020 | L76: =VLOOKUP(E76,[5]Лист1!$E$4:$F$17055,2,0) -> 23005 | M76: =VLOOKUP(E76,[6]Лист1!$E$4:$F$17055,2,0) -> 15857 | N76: 0 | O76: 0 | P76: 0 | Q76: 0
A77: 813 | B77: AKNAZAROV SHODIYOR SHAVKATOVICH | C77: YTT | E77: 30710810230034 | F77: 30710810230034 | G77: Blok B - 24-do'kon | H77: =VLOOKUP(E77,[1]Лист1!$E$4:$F$17052,2,0) -> 0 | I77: =VLOOKUP(E77,[2]Лист1!$E$4:$F$17052,2,0) -> 0 | J77: =VLOOKUP(E77,[3]Лист1!$E$4:$F$17052,2,0) -> 24969 | K77: =VLOOKUP(E77,[4]Лист1!$E$4:$F$17052,2,0) -> 48610 | L77: =VLOOKUP(E77,[5]Лист1!$E$4:$F$17055,2,0) -> 40254.5 | M77: =VLOOKUP(E77,[6]Лист1!$E$4:$F$17055,2,0) -> 33900.5 | N77: 0 | O77: 0 | P77: 0 | Q77: 0
A78: 314 | B78: XIKMATULLAYEV LAZIZBEK BAHODIR O‘G‘LI | C78: YTT | E78: 50510015830039 | F78: 50510015830039 | G78: Blok B - 28-do'kon | H78: =VLOOKUP(E78,[1]Лист1!$E$4:$F$17052,2,0) -> 0 | I78: =VLOOKUP(E78,[2]Лист1!$E$4:$F$17052,2,0) -> 0 | J78: =VLOOKUP(E78,[3]Лист1!$E$4:$F$17052,2,0) -> 12100 | K78: =VLOOKUP(E78,[4]Лист1!$E$4:$F$17052,2,0) -> 15985 | L78: =VLOOKUP(E78,[5]Лист1!$E$4:$F$17055,2,0) -> 20000 | M78: =VLOOKUP(E78,[6]Лист1!$E$4:$F$17055,2,0) -> 6600 | N78: 0 | O78: 0 | P78: 0 | Q78: 0
A79: 22 | B79: YUSUPOV IBROHIM G‘OFUR O‘G‘LI | C79: YTT | E79: 32602950210141 | F79: 32602950210141 | G79: Blok A - 5-do'kon | H79: =VLOOKUP(E79,[1]Лист1!$E$4:$F$17052,2,0) -> 0 | I79: =VLOOKUP(E79,[2]Лист1!$E$4:$F$17052,2,0) -> 34166 | J79: =VLOOKUP(E79,[3]Лист1!$E$4:$F$17052,2,0) -> 32805 | K79: =VLOOKUP(E79,[4]Лист1!$E$4:$F$17052,2,0) -> 38270 | L79: =VLOOKUP(E79,[5]Лист1!$E$4:$F$17055,2,0) -> 32822.5 | M79: =VLOOKUP(E79,[6]Лист1!$E$4:$F$17055,2,0) -> 21288 | N79: 0 | O79: 0 | P79: 0 | Q79: 0
A80: 793 | B80: ABDUMANNOPOV BEHZOD DILSHOD O‘G‘LI | C80: YTT | E80: 51806036500039 | F80: 51806036500039 | G80: Blok A - 7-do'kon | H80: 0 | I80: 0 | J80: 0 | K80: 0 | L80: 0 | M80: 0 | N80: 0 | O80: 0 | P80: 0 | Q80: 0
A81: 100 | B81: IBROXIMOV JASURBEK AXMADJON O‘G‘LI | C81: YTT | E81: 31308940210122 | F81: 31308940210122 | G81: Blok A - 16-do'kon | H81: =VLOOKUP(E81,[1]Лист1!$E$4:$F$17052,2,0) -> 0 | I81: =VLOOKUP(E81,[2]Лист1!$E$4:$F$17052,2,0) -> 0 | J81: =VLOOKUP(E81,[3]Лист1!$E$4:$F$17052,2,0) -> 0 | K81: =VLOOKUP(E81,[4]Лист1!$E$4:$F$17052,2,0) -> 0 | L81: =VLOOKUP(E81,[5]Лист1!$E$4:$F$17055,2,0) -> 17730 | M81: =VLOOKUP(E81,[6]Лист1!$E$4:$F$17055,2,0) -> 64733 | N81: 0 | O81: 0 | P81: 0 | Q81: 0
A82: 631 | B82: DADASHEVA MAMURA ABDURAXMANOVNA | C82: YTT | E82: 40501780260027 | F82: 40501780260027 | G82: Blok A - 31-do'kon | H82: 0 | I82: 0 | J82: 0 | K82: 0 | L82: 0 | M82: 0 | N82: 0 | O82: 0 | P82: 0 | Q82: 0
A83: 78 | B83: OLIMJONOV ALISHER AKROM O‘G‘LI | C83: YTT | E83: 32108976610094 | F83: 552727027 | G83: Blok A - 12-do'kon | H83: =VLOOKUP(E83,[1]Лист1!$E$4:$F$17052,2,0) -> 0 | I83: =VLOOKUP(E83,[2]Лист1!$E$4:$F$17052,2,0) -> 0 | J83: =VLOOKUP(E83,[3]Лист1!$E$4:$F$17052,2,0) -> 0 | K83: =VLOOKUP(E83,[4]Лист1!$E$4:$F$17052,2,0) -> 0 | L83: =VLOOKUP(E83,[5]Лист1!$E$4:$F$17055,2,0) -> 0 | M83: =VLOOKUP(E83,[6]Лист1!$E$4:$F$17055,2,0) -> 1055 | N83: 0 | O83: 0 | P83: 0 | Q83: 0
A84: 801 | B84: TOSHTEMIROV OYBEK AVAZ O‘G‘LI | C84: YTT | E84: 51808036020010 | F84: 51808036020010 | G84: Blok B - 1-do'kon | H84: =VLOOKUP(E84,[1]Лист1!$E$4:$F$17052,2,0) -> 0 | I84: =VLOOKUP(E84,[2]Лист1!$E$4:$F$17052,2,0) -> 0 | J84: =VLOOKUP(E84,[3]Лист1!$E$4:$F$17052,2,0) -> 0 | K84: =VLOOKUP(E84,[4]Лист1!$E$4:$F$17052,2,0) -> 0 | L84: =VLOOKUP(E84,[5]Лист1!$E$4:$F$17055,2,0) -> 0 | M84: =VLOOKUP(E84,[6]Лист1!$E$4:$F$17055,2,0) -> 780 | N84: 0 | O84: 0 | P84: 0 | Q84: 0
A85: 224 | B85: ABDUMURATOV TO‘LQIN KARAMIDINOVICH | C85: YTT | E85: 32202910231696 | F85: 32202910231696 | G85: Blok B - 2-do'kon | H85: =VLOOKUP(E85,[1]Лист1!$E$4:$F$17052,2,0) -> 0 | I85: =VLOOKUP(E85,[2]Лист1!$E$4:$F$17052,2,0) -> 3 | J85: =VLOOKUP(E85,[3]Лист1!$E$4:$F$17052,2,0) -> 19549 | K85: =VLOOKUP(E85,[4]Лист1!$E$4:$F$17052,2,0) -> 77542 | L85: =VLOOKUP(E85,[5]Лист1!$E$4:$F$17055,2,0) -> 24975 | M85: =VLOOKUP(E85,[6]Лист1!$E$4:$F$17055,2,0) -> 22101.1 | N85: 0 | O85: 0 | P85: 0 | Q85: 0
A86: 563 | B86: "STELIX STORE" MCHJ | C86: MCHJ | D86: 312812145 | G86: Blok A - 8-do'kon | H86: 0 | I86: 0 | J86: 0 | K86: 0 | L86: 0 | M86: 0 | N86: 0 | O86: 0 | P86: =VLOOKUP(E86,[8]умумий!$O$3:$CL$775,76,0) -> 0 | Q86: =VLOOKUP(E86,[9]умумий!$P$4:$AR$787,29,0) -> #N/A
A87: 474 | B87: TOLIPOV OQILJON ABDURASULOVICH | C87: YTT | E87: 52703066610017 | F87: 52703066610017 | G87: Blok SM - Merkato-do'kon | H87: =VLOOKUP(E87,[1]Лист1!$E$4:$F$17052,2,0) -> 18850 | I87: =VLOOKUP(E87,[2]Лист1!$E$4:$F$17052,2,0) -> 44304.5 | J87: =VLOOKUP(E87,[3]Лист1!$E$4:$F$17052,2,0) -> 24269 | K87: =VLOOKUP(E87,[4]Лист1!$E$4:$F$17052,2,0) -> 20700 | L87: =VLOOKUP(E87,[5]Лист1!$E$4:$F$17055,2,0) -> 56090 | M87: =VLOOKUP(E87,[6]Лист1!$E$4:$F$17055,2,0) -> 29628 | N87: 0 | O87: 0 | P87: 0 | Q87: 0
A88: 198 | B88: LAZAREVA ANGELINA VALEREVNA | C88: YTT | E88: 40501950270087 | F88: 40501950270087 | G88: Blok A - 32-do'kon | H88: =VLOOKUP(E88,[1]Лист1!$E$4:$F$17052,2,0) -> 76033 | I88: =VLOOKUP(E88,[2]Лист1!$E$4:$F$17052,2,0) -> 115454.8 | J88: =VLOOKUP(E88,[3]Лист1!$E$4:$F$17052,2,0) -> 51776 | K88: =VLOOKUP(E88,[4]Лист1!$E$4:$F$17052,2,0) -> 17254 | L88: =VLOOKUP(E88,[5]Лист1!$E$4:$F$17055,2,0) -> 30440 | M88: =VLOOKUP(E88,[6]Лист1!$E$4:$F$17055,2,0) -> 47370.6 | N88: 0 | O88: 0 | P88: 0 | Q88: 0
A89: 454 | B89: Bratan Design Mchj | C89: MCHJ | D89: 308254739 | G89: Blok SM - Merkato-do'kon | H89: 0 | I89: 0 | J89: 0 | K89: 0 | L89: 0 | M89: 0 | N89: =VLOOKUP(E89,[7]FIRMA!$K$7:$AH$547,24,0) -> #N/A | O89: =VLOOKUP(E89,[7]FIRMA!$K$7:$AL$547,28,0) -> #N/A | P89: =VLOOKUP(E89,[8]умумий!$O$3:$CL$775,76,0) -> 0 | Q89: =VLOOKUP(E89,[9]умумий!$P$4:$AR$787,29,0) -> #N/A
A90: 905 | B90: MIRUMIDOV FOZILBEK IZZAT O‘G‘LI | C90: YTT | E90: 51407056610023 | F90: 51407056610023 | G90: Blok A - 28-do'kon | H90: 0 | I90: 0 | J90: 0 | K90: 0 | L90: 0 | M90: 0 | N90: 0 | O90: 0 | P90: 0 | Q90: 0
A91: 498 | B91: UMAROV XUSNIDDIN BAXRIDDIN O‘G‘LI | C91: YTT | E91: 32507986540092 | F91: 32507986540092 | G91: Blok SM - Merkato-do'kon | H91: =VLOOKUP(E91,[1]Лист1!$E$4:$F$17052,2,0) -> 38981 | I91: =VLOOKUP(E91,[2]Лист1!$E$4:$F$17052,2,0) -> 43559 | J91: =VLOOKUP(E91,[3]Лист1!$E$4:$F$17052,2,0) -> 138341 | K91: =VLOOKUP(E91,[4]Лист1!$E$4:$F$17052,2,0) -> 16985 | L91: =VLOOKUP(E91,[5]Лист1!$E$4:$F$17055,2,0) -> 73585 | M91: =VLOOKUP(E91,[6]Лист1!$E$4:$F$17055,2,0) -> 98930 | N91: 0 | O91: 0 | P91: 0 | Q91: 0
A92: 137 | B92: RAXMONOV ELZOD NODIROVICH | C92: YTT | E92: 31412880201358 | F92: 493488670 | G92: Blok A - 21-do'kon | H92: =VLOOKUP(E92,[1]Лист1!$E$4:$F$17052,2,0) -> 0 | I92: =VLOOKUP(E92,[2]Лист1!$E$4:$F$17052,2,0) -> 0 | J92: =VLOOKUP(E92,[3]Лист1!$E$4:$F$17052,2,0) -> 0 | K92: =VLOOKUP(E92,[4]Лист1!$E$4:$F$17052,2,0) -> 0 | L92: =VLOOKUP(E92,[5]Лист1!$E$4:$F$17055,2,0) -> 31962 | M92: =VLOOKUP(E92,[6]Лист1!$E$4:$F$17055,2,0) -> 15406 | N92: 0 | O92: 0 | P92: 0 | Q92: 0
A93: 211 | B93: SAFAROV FAYZULLA PANJIYEVICH | C93: YTT | E93: 32208966290045 | F93: 538217872 | G93: Blok A - 39-do'kon | H93: 0 | I93: 0 | J93: 0 | K93: 0 | L93: 0 | M93: 0 | N93: 0 | O93: 0 | P93: 0 | Q93: 0
A94: 569 | B94: TOXIROV MAHMUDJON MA’MURJON O‘G‘LI | C94: YTT | E94: 52601006520014 | F94: 52601006520014 | G94: Blok A - 10-do'kon | H94: =VLOOKUP(E94,[1]Лист1!$E$4:$F$17052,2,0) -> 0 | I94: =VLOOKUP(E94,[2]Лист1!$E$4:$F$17052,2,0) -> 0 | J94: =VLOOKUP(E94,[3]Лист1!$E$4:$F$17052,2,0) -> 48520 | K94: =VLOOKUP(E94,[4]Лист1!$E$4:$F$17052,2,0) -> 72789 | L94: =VLOOKUP(E94,[5]Лист1!$E$4:$F$17055,2,0) -> 60506.6 | M94: =VLOOKUP(E94,[6]Лист1!$E$4:$F$17055,2,0) -> 39789 | N94: 0 | O94: 0 | P94: 0 | Q94: 0
A95: 880 | B95: AZIMOV SUNNATILLA FAZLIDDIN O‘G‘LI | C95: YTT | E95: 32610890221846 | F95: 490039265 | G95: Blok A - 13-do'kon | H95: 0 | I95: 0 | J95: 0 | K95: 0 | L95: 0 | M95: 0 | N95: 0 | O95: 0 | P95: 0 | Q95: 0
A96: 671 | B96: XIKMATULLAYEV JOXONGIR SHUXRATILLA O‘G‘LI | C96: YTT | E96: 30103940220042 | F96: 30103940220042 | G96: Blok A - 23-do'kon | H96: =VLOOKUP(E96,[1]Лист1!$E$4:$F$17052,2,0) -> 0 | I96: =VLOOKUP(E96,[2]Лист1!$E$4:$F$17052,2,0) -> 0 | J96: =VLOOKUP(E96,[3]Лист1!$E$4:$F$17052,2,0) -> 0 | K96: =VLOOKUP(E96,[4]Лист1!$E$4:$F$17052,2,0) -> 0 | L96: =VLOOKUP(E96,[5]Лист1!$E$4:$F$17055,2,0) -> 29480 | M96: =VLOOKUP(E96,[6]Лист1!$E$4:$F$17055,2,0) -> 23965 | N96: 0 | O96: 0 | P96: 0 | Q96: 0
A97: 357 | B97: YULDASHEV ISKANDAR ABDURASHIDOVICH | C97: YTT | E97: 33105880270304 | F97: 33105880270304 | G97: Blok B - 36-do'kon | H97: =VLOOKUP(E97,[1]Лист1!$E$4:$F$17052,2,0) -> 0 | I97: =VLOOKUP(E97,[2]Лист1!$E$4:$F$17052,2,0) -> 0 | J97: =VLOOKUP(E97,[3]Лист1!$E$4:$F$17052,2,0) -> 4045 | K97: =VLOOKUP(E97,[4]Лист1!$E$4:$F$17052,2,0) -> 25971 | L97: =VLOOKUP(E97,[5]Лист1!$E$4:$F$17055,2,0) -> 36766 | M97: =VLOOKUP(E97,[6]Лист1!$E$4:$F$17055,2,0) -> 25375.5 | N97: 0 | O97: 0 | P97: 0 | Q97: 0
A98: 142 | B98: Aple Solutions Team" Mchj | C98: MCHJ | D98: 312440024 | G98: Blok A - 22-do'kon | H98: 0 | I98: 0 | J98: 0 | K98: 0 | L98: 0 | M98: 0 | N98: =VLOOKUP(E98,[7]FIRMA!$K$7:$AH$547,24,0) -> #N/A | O98: =VLOOKUP(E98,[7]FIRMA!$K$7:$AL$547,28,0) -> #N/A | P98: =VLOOKUP(E98,[8]умумий!$O$3:$CL$775,76,0) -> 0 | Q98: =VLOOKUP(E98,[9]умумий!$P$4:$AR$787,29,0) -> #N/A
A99: 359 | B99: BATIRGAREYEV ALEKSANDR VLADIMIROVICH | C99: YTT | E99: 30406870100018 | F99: 495435237 | G99: Blok B - 36-do'kon | H99: =VLOOKUP(E99,[1]Лист1!$E$4:$F$17052,2,0) -> 0 | I99: =VLOOKUP(E99,[2]Лист1!$E$4:$F$17052,2,0) -> 2900 | J99: =VLOOKUP(E99,[3]Лист1!$E$4:$F$17052,2,0) -> 40685 | K99: =VLOOKUP(E99,[4]Лист1!$E$4:$F$17052,2,0) -> 37168 | L99: =VLOOKUP(E99,[5]Лист1!$E$4:$F$17055,2,0) -> 24436 | M99: =VLOOKUP(E99,[6]Лист1!$E$4:$F$17055,2,0) -> 30938.7 | N99: 0 | O99: 0 | P99: 0 | Q99: 0
A100: 635 | B100: MALIKOV DILMUROD SHARIFJON O‘G‘LI | C100: YTT | E100: 31206986750054 | F100: 31206986750054 | G100: Blok A - 33-do'kon | H100: =VLOOKUP(E100,[1]Лист1!$E$4:$F$17052,2,0) -> 0 | I100: =VLOOKUP(E100,[2]Лист1!$E$4:$F$17052,2,0) -> 0 | J100: =VLOOKUP(E100,[3]Лист1!$E$4:$F$17052,2,0) -> 0 | K100: =VLOOKUP(E100,[4]Лист1!$E$4:$F$17052,2,0) -> 0 | L100: =VLOOKUP(E100,[5]Лист1!$E$4:$F$17055,2,0) -> 11947 | M100: =VLOOKUP(E100,[6]Лист1!$E$4:$F$17055,2,0) -> 12164 | N100: 0 | O100: 0 | P100: 0 | Q100: 0
...
