Workbook

Sheet умумий
A2: T/R | B2: Blok | C2: Do'kon raqami | D2: Kadastr raqami | E2: Do'kon egasi F.I.Sh | F2: JSHSHIR raqami | G2: Telefon raqami | H2: Do'kon egasiga tegishli MCHJ nomi | I2: Do'kon umumiy maydoni | J2: ijaraga olgan tadbirkor soni | K2: Ijaraga berilgan maydoni kv.m | L2: Faoliyat olib borayotgan Tadbirkorlik subyektining nomi | M2: Faoliyat olib borayotgan Tadbirkorlik subyekti Rahbarining JSHSHIR raqami | N2: Faoliyat olib borayotgan Tadbirkorlik subyekti Rahbarining F.I.SH | O2: Faoliyat olib borayotgan Tadbirkorlik subyekti Rahbarining Telefon raqami | P2: Faoliyat olib borayotgan yakka tartibdagi tadbirkorning (YTT) JSHSHIR raqami | Q2: Faoliyat olib borayotgan Yuridik shaxsning (MCHJ) STIR raqami | R2: Faoliyat olib borayotgan Tadbirkorlik subyektida ishlaydigan xodimlar soni | S2: Faoliyat olib borayotgan Tadbirkorlik subyektida ishlaydigan xodimlar, F.I.SH raqami | T2: Faoliyat olib borayotgan Tadbirkorlik subyektida ishlaydigan xodimlar, JSHSHIR raqami | U2: Faoliyat olib borayotgan Tadbirkorlik subyektida ishlaydigan xodimlar, Telefon raqami | V2: Tadbirkorlik turi | W2: Soliq turi (QQS, Aylanmadan olinadigan soliq) | X2: Kassa apparat raqami | Y2: Savdo do'koniga 1 oy davomida kirayotgan fuqarolar soni (Videokuzatuv orqali) | Z2: Savdo do'koniga 1 kun davomida kirayotgan fuqarolar soni (Videokuzatuv orqali) | AA2: Tadbirkorlik Subyekti holati (FAOL/NOFAOL) | AB2: Yong'in xavfsizlik darajasi | AC2: Yong'indan xabar beruvchi qurilma | AD2: Birlamchi yong'in o'chirish vositasi (Ognetushitel) turi,soni | AE2: Qizil toifaga kirgan do'kon (Qizilga kirgan Sababi) | AF2: ONKM Йил бошидан | AH2: Ой бошидан | AJ2: Кунлик | AL2: Elektron to'lovlar Йил бошидан | AN2: Elektron to'lovlar Oy бошидан
AF3: ОНКМ суммаси | AG3: Чек сони | AH3: ОНКМ суммаси | AI3: Чек сони | AJ3: ОНКМ суммаси | AK3: Чек сони | AL3: soni | AM3: summasi | AN3: soni | AO3: summasi
A4: 1 | B4: Blok A | C4: 1-do'kon | D4: 10:10:40:01:01:0011/0012 | E4: Alimov Ulugbek Rustamovich | F4: 30809640040022 | G4: 951773373 | H4: PREMIUM PRIME SERVICE" MAS`ULIYATI CHEKLANGAN JAMIYATI | I4: 180 | J4: 1 | K4: 40 | L4: "NETTRA" MCHJ | M4: 52709046530021 | N4: YOQUBOV SUNNATILLA NODIR O‘G‘LI | O4: 333173003 | Q4: 312658448 | R4: 1 | S4: YOQUBOV SUNNATILLA NODIR O‘G‘LI | T4: 52709046530021 | U4: 312658448 | V4: Yuridik | W4: QQS | X4: LG420211628643 | AA4: Faol | AF4: 2230.9 | AG4: 461 | AH4: 159.7 | AI4: 36 | AJ4: 16 | AK4: 3 | AL4: 16 | AM4: 10033.145 | AN4: 0 | AO4: =+VLOOKUP(Q4,[1]умумий!$P$4:$EB$787,117,0) -> 0
A5: 2 | B5: Blok A | C5: 1-do'kon | D5: 10:10:40:01:01:0011/0012 | E5: Alimov Ulugbek Rustamovich | F5: 30809640040022 | G5: 951773373 | H5: PREMIUM PRIME SERVICE" MAS`ULIYATI CHEKLANGAN JAMIYATI | I5: 0 | J5: 1 | K5: 40 | L5: Xakimov Botir Baxtiyarovich | M5: 30105830210098 | N5: Xakimov Botir Baxtiyarovich | O5: 977751515 | P5: 30105830210098 | R5: 5 | S5: МАРАСИЛОВ ОЙБЕК УСМАНОВИЧ | T5: 31705862180016 50204056590048 50307006610055 32801901951122 32005985970048 | U5: 936688000 000000000 000000000 940057111 940527799 | V5: YTT | W5: QQS | X5: VG300750002569 | AA5: Faol | AF5: 448.8 | AG5: 269 | AH5: 45.1 | AI5: 65 | AJ5: 3.8 | AK5: 2 | AL5: 0 | AM5: 0 | AN5: 0 | AO5: =+VLOOKUP(Q5,[1]умумий!$P$4:$EB$787,117,0) -> #N/A
A6: 3 | B6: Blok A | C6: 1-do'kon | D6: 10:10:40:01:01:0011/0012 | E6: Alimov Ulugbek Rustamovich | F6: 30809640040022 | G6: 951773373 | H6: PREMIUM PRIME SERVICE" MAS`ULIYATI CHEKLANGAN JAMIYATI | I6: 0 | J6: 1 | K6: 40 | L6: Islombekov Otabek Rustambek O'g'li | M6: 30208940330022 | N6: Islombekov Otabek Rustambek O'g'li | O6: +998946447750 | P6: 30208940330022 | R6: 5 | S6: ISMANOV MAXMUDJON MUROD O‘G‘LI | T6: 32608950260036 50201048660055 31212840220049 51303046730028 50202006590023 | U6: 947945599 000000000 000000000 935541343 957876996 | V6: YTT | W6: AOS | X6: LG420211621180 | AA6: Faol | AF6: 229.3 | AG6: 296 | AH6: 60.6 | AI6: 97 | AJ6: 2.7 | AK6: 2 | AL6: 12 | AM6: 15.93 | AN6: 0 | AO6: =+VLOOKUP(Q6,[1]умумий!$P$4:$EB$787,117,0) -> #N/A
A7: 4 | B7: Blok A | C7: 1-do'kon | D7: 10:10:40:01:01:0011/0012 | E7: Alimov Ulugbek Rustamovich | F7: 30809640040022 | G7: 951773373 | H7: PREMIUM PRIME SERVICE" MAS`ULIYATI CHEKLANGAN JAMIYATI | I7: 0 | J7: 1 | K7: 40 | L7: МАРАСИЛОВ ОЙБЕК УСМАНОВИЧ | M7: 32909770170047 | N7: МАРАСИЛОВ ОЙБЕК УСМАНОВИЧ | O7: 999937216 | P7: 32909770170047 | R7: 1 | S7: МАРАСИЛОВ ОЙБЕК УСМАНОВИЧ | T7: 32909770170047 | U7: 999937216 | V7: YTT | W7: AOS | X7: UZ201125124416 | AA7: Faol | AF7: 150.3 | AG7: 49 | AH7: 31.5 | AI7: 11 | AJ7: 0.8 | AK7: 1 | AL7: 0 | AM7: 0 | AN7: 0 | AO7: =+VLOOKUP(Q7,[1]умумий!$P$4:$EB$787,117,0) -> #N/A
A8: 5 | B8: Blok A | C8: 1-do'kon | D8: 10:10:40:01:01:0011/0012 | E8: Alimov Ulugbek Rustamovich | F8: 30809640040022 | G8: 951773373 | H8: PREMIUM PRIME SERVICE" MAS`ULIYATI CHEKLANGAN JAMIYATI | I8: 0 | J8: 1 | K8: 20 | L8: ISMANOV MAXMUDJON MUROD O‘G‘LI | M8: 50608006610020 | N8: ISMANOV MAXMUDJON MUROD O‘G‘LI | O8: 941115544 | P8: 50608006610020 | R8: 1 | S8: ISMANOV MAXMUDJON MUROD O‘G‘LI | T8: 50608006610020 | U8: 941115544 | V8: YTT | W8: AOS | X8: LG420211621377 | AA8: Faol | AF8: 87.1 | AG8: 41 | AH8: 4.6 | AI8: 16 | AJ8: 0 | AK8: 0 | AL8: 2 | AM8: 4.4 | AN8: 0 | AO8: =+VLOOKUP(Q8,[1]умумий!$P$4:$EB$787,117,0) -> #N/A
A9: 6 | B9: Blok A | C9: 2-do'kon | D9: 10:10:01:01:01:0024 | E9: AbdumalikovAkmal Pulat o'g'li | F9: 51010066600018 | G9: 935272727 | H9: PREMIUM PRIME SERVICE" MAS`ULIYATI CHEKLANGAN JAMIYATI | I9: 180 | J9: 1 | K9: 15 | L9: FIRDAVS-ZOHID SAVDO | M9: 43011920330011 | N9: USMONOVA MUQADDAS SHUXRATJONOVNA | O9: 958598008 | Q9: 301758598 | R9: 1 | S9: USMONOVA MUQADDAS SHUXRATJONOVNA | T9: 43011920330011 | U9: 958598008 | V9: Yuridik | W9: QQS | X9: LG420211601706 | AA9: Faol | AF9: 643.2 | AG9: 164 | AH9: 49.2 | AI9: 14 | AJ9: 18 | AK9: 3 | AL9: 43 | AM9: 10387.767 | AN9: 0 | AO9: =+VLOOKUP(Q9,[1]умумий!$P$4:$EB$787,117,0) -> 0
A10: 735 | B10: Blok A | C10: 2-do'kon | D10: 10:10:01:01:01:0024 | E10: AbdumalikovAkmal Pulat o'g'li | F10: 51010066600018 | G10: 935272727 | H10: PREMIUM PRIME SERVICE" MAS`ULIYATI CHEKLANGAN JAMIYATI | I10: 0 | J10: 1 | K10: 15 | L10: JO‘RAQOBILOV SIROJIDDIN O‘ROL O‘G‘LI | M10: 52104006840053 | N10: JO‘RAQOBILOV SIROJIDDIN O‘ROL O‘G‘LI | P10: 52104006840053 | R10: 1 | S10: JO‘RAQOBILOV SIROJIDDIN O‘ROL O‘G‘LI | T10: 52104006840053 | V10: YTT | W10: AOS | X10: LG420211635350 | AF10: 98.7 | AG10: 88 | AH10: 10.8 | AI10: 14 | AJ10: 0 | AK10: 0 | AL10: 0 | AM10: 0 | AN10: 0 | AO10: =+VLOOKUP(Q10,[1]умумий!$P$4:$EB$787,117,0) -> #N/A
A11: 7 | B11: Blok A | C11: 2-do'kon | D11: 10:10:01:01:01:0024 | E11: AbdumalikovAkmal Pulat o'g'li | F11: 51010066600018 | G11: 935272727 | H11: PREMIUM PRIME SERVICE" MAS`ULIYATI CHEKLANGAN JAMIYATI | I11: 0 | J11: 1 | K11: 15 | L11: USMANOV UKTAMJON XAMIDOVICH | M11: 30405602100034 | N11: USMANOV UKTAMJON XAMIDOVICH | O11: 955535040 | P11: 30405602100034 | R11: 1 | S11: USMANOV UKTAMJON XAMIDOVICH | T11: 30405602100034 | U11: 955535040 | V11: YTT | W11: AOS | X11: VG544170040421 | AA11: Faol | AF11: 0 | AG11: 1 | AH11: 0 | AI11: 0 | AJ11: 0 | AK11: 0 | AL11: 0 | AM11: 0 | AN11: 0 | AO11: =+VLOOKUP(Q11,[1]умумий!$P$4:$EB$787,117,0) -> #N/A
A12: 8 | B12: Blok A | C12: 2-do'kon | D12: 10:10:01:01:01:0024 | E12: AbdumalikovAkmal Pulat o'g'li | F12: 51010066600018 | G12: 935272727 | H12: PREMIUM PRIME SERVICE" MAS`ULIYATI CHEKLANGAN JAMIYATI | I12: 0 | J12: 1 | K12: 15 | L12: SALIYEV ULUG‘BEK BAXTIYOR O‘G‘LI | M12: 30601910171605 | N12: SALIYEV ULUG‘BEK BAXTIYOR O‘G‘LI | O12: 951107577 | P12: 30601910171605 | R12: 1 | S12: SALIYEV ULUG‘BEK BAXTIYOR O‘G‘LI | T12: 30601910171605 | U12: 951107577 | V12: YTT | W12: AOS | X12: 0 | AA12: Faol | AF12: 0 | AG12: 0 | AH12: 0 | AI12: 0 | AJ12: 0 | AK12: 0 | AL12: 0 | AM12: 0 | AN12: 0 | AO12: =+VLOOKUP(Q12,[1]умумий!$P$4:$EB$787,117,0) -> #N/A
A13: 9 | B13: Blok A | C13: 2-do'kon | D13: 10:10:01:01:01:0024 | E13: AbdumalikovAkmal Pulat o'g'li | F13: 51010066600018 | G13: 935272727 | H13: PREMIUM PRIME SERVICE" MAS`ULIYATI CHEKLANGAN JAMIYATI | I13: 0 | J13: 1 | K13: 15 | L13: BERDIYOROV ASROR SHUHRAT O‘G‘LI | M13: 31208966580017 | N13: BERDIYOROV ASROR SHUHRAT O‘G‘LI | O13: 935475515 | P13: 31208966580017 | R13: 1 | S13: BERDIYOROV ASROR SHUHRAT O‘G‘LI | T13: 31208966580017 | U13: 935475515 | V13: YTT | W13: AOS | X13: LG420211610963 | AA13: Faol | AF13: 129.7 | AG13: 99 | AH13: 27.6 | AI13: 20 | AJ13: 0 | AK13: 0 | AL13: 0 | AM13: 0 | AN13: 0 | AO13: =+VLOOKUP(Q13,[1]умумий!$P$4:$EB$787,117,0) -> #N/A
A14: 10 | B14: Blok A | C14: 2-do'kon | D14: 10:10:01:01:01:0024 | E14: AbdumalikovAkmal Pulat o'g'li | F14: 51010066600018 | G14: 935272727 | H14: PREMIUM PRIME SERVICE" MAS`ULIYATI CHEKLANGAN JAMIYATI | I14: 0 | J14: 1 | K14: 15 | L14: Abduraimov Mamurjon Abduxamidovich | M14: 32005810020025 | N14: Abduraimov Mamurjon Abduxamidovich | O14: 981211900 | P14: 32005810020025 | R14: 4 | S14: ANVAROV OYBEK A’ZAMJON O‘G‘LI KOMILJONOV KAMRONBEK SANJARBEK O‘G‘LI XAYRIDDINOV ABDULLOH ZUHRIDDIN O'G'LI TOIRXONOV IBROHIMXON FATTOXXON O‘G‘LI | T14: 30708942190047 52310066750034 51605048680034 50906016750023 | U14: 998981211900 998981211900 998900000000 998974636446 | V14: YTT | W14: AOS | X14: LG420211629211 | AA14: Faol | AF14: 220.4 | AG14: 191 | AH14: 68.2 | AI14: 49 | AJ14: 1.5 | AK14: 5 | AL14: 0 | AM14: 0 | AN14: 0 | AO14: =+VLOOKUP(Q14,[1]умумий!$P$4:$EB$787,117,0) -> #N/A
A15: 11 | B15: Blok A | C15: 2-do'kon | D15: 10:10:01:01:01:0024 | E15: AbdumalikovAkmal Pulat o'g'li | F15: 51010066600018 | G15: 935272727 | H15: PREMIUM PRIME SERVICE" MAS`ULIYATI CHEKLANGAN JAMIYATI | I15: 0 | J15: 1 | K15: 15 | L15: AXMADJON TALIPOV ABDUXAMIDOVICH | M15: 32704700220023 | N15: AXMADJON TALIPOV ABDUXAMIDOVICH | O15: 977705250 | P15: 32704700220023 | R15: 1 | S15: AXMADJON TALIPOV ABDUXAMIDOVICH | T15: 32704700220023 | U15: 977705250 | V15: YTT | W15: AOS | X15: NA000000028602 | AA15: Faol | AF15: 128.2 | AG15: 98 | AH15: 4.9 | AI15: 13 | AJ15: 0.1 | AK15: 1 | AL15: 4 | AM15: 14.9 | AN15: 0 | AO15: =+VLOOKUP(Q15,[1]умумий!$P$4:$EB$787,117,0) -> #N/A
A16: 12 | B16: Blok A | C16: 2-do'kon | D16: 10:10:01:01:01:0024 | E16: AbdumalikovAkmal Pulat o'g'li | F16: 51010066600018 | G16: 935272727 | H16: PREMIUM PRIME SERVICE" MAS`ULIYATI CHEKLANGAN JAMIYATI | I16: 0 | J16: 1 | K16: 15 | L16: ISMOILOV ABDULAZIZ RAHMONJON O‘G‘LI | M16: 32709966530013 | N16: ISMOILOV ABDULAZIZ RAHMONJON O‘G‘LI | O16: 977488267 | P16: 32709966530013 | R16: 1 | S16: ISMOILOV ABDULAZIZ RAHMONJON O‘G‘LI | T16: 32709966530013 | U16: 977488267 | V16: YTT | W16: AOS | X16: VG496170003200 | AA16: Faol | AF16: 39.6 | AG16: 28 | AH16: 39.5 | AI16: 24 | AJ16: 0 | AK16: 0 | AL16: 16 | AM16: 29.56 | AN16: 2 | AO16: =+VLOOKUP(Q16,[1]умумий!$P$4:$EB$787,117,0) -> #N/A
A17: 13 | B17: Blok A | C17: 2-do'kon | D17: 10:10:01:01:01:0024 | E17: AbdumalikovAkmal Pulat o'g'li | F17: 51010066600018 | G17: 935272727 | H17: PREMIUM PRIME SERVICE" MAS`ULIYATI CHEKLANGAN JAMIYATI | I17: 0 | J17: 1 | K17: 15 | L17: XUSANJON UCHKUNOV UTKUR O‘G‘LI | M17: 50205006610041 | N17: XUSANJON UCHKUNOV UTKUR O‘G‘LI | O17: 946673088 | P17: 50205006610041 | R17: 1 | S17: XUSANJON UCHKUNOV UTKUR O‘G‘LI | T17: 50205006610041 | U17: 946673088 | V17: YTT | W17: AOS | X17: LG420211621163 | AA17: Faol | AF17: 64.1 | AG17: 166 | AH17: 11 | AI17: 47 | AJ17: 0 | AK17: 0 | AL17: 11 | AM17: 14.94 | AN17: 1 | AO17: =+VLOOKUP(Q17,[1]умумий!$P$4:$EB$787,117,0) -> #N/A
A18: 14 | B18: Blok A | C18: 2-do'kon | D18: 10:10:01:01:01:0024 | E18: AbdumalikovAkmal Pulat o'g'li | F18: 51010066600018 | G18: 935272727 | H18: PREMIUM PRIME SERVICE" MAS`ULIYATI CHEKLANGAN JAMIYATI | I18: 0 | J18: 1 | K18: 15 | L18: SA’DULLAYEV HOTAMJON SHAVKATJON O‘G‘LI | M18: 50602016500014 | N18: SA’DULLAYEV HOTAMJON SHAVKATJON O‘G‘LI | O18: 990370761 | P18: 50602016500014 | R18: 1 | S18: SA’DULLAYEV HOTAMJON SHAVKATJON O‘G‘LI | T18: 50602016500014 | U18: 990370761 | V18: YTT | W18: AOS | X18: LG420211609130 | AA18: Faol | AF18: 68.5 | AG18: 76 | AH18: 6.1 | AI18: 14 | AJ18: 0.3 | AK18: 1 | AL18: 2 | AM18: 12.29 | AN18: 0 | AO18: =+VLOOKUP(Q18,[1]умумий!$P$4:$EB$787,117,0) -> #N/A
A19: 15 | B19: Blok A | C19: 2-do'kon | D19: 10:10:01:01:01:0024 | E19: AbdumalikovAkmal Pulat o'g'li | F19: 51010066600018 | G19: 935272727 | H19: PREMIUM PRIME SERVICE" MAS`ULIYATI CHEKLANGAN JAMIYATI | I19: 0 | J19: 1 | K19: 15 | L19: Voxidov Abdulloh Qodirjon O'g'li | M19: 52403006540012 | N19: Voxidov Abdulloh Qodirjon O'g'li | O19: +998971711001 | P19: 52403006540012 | R19: 1 | S19: BAXTIYOROV DILMUROD ELDIYOR O‘G‘LI | T19: 52810016500020 | U19: 998971711001 | V19: YTT | W19: AOS | X19: LG420211629139 | AA19: Faol | AF19: 105.3 | AG19: 192 | AH19: 23.5 | AI19: 27 | AJ19: 0 | AK19: 0 | AL19: 0 | AM19: 0 | AN19: 0 | AO19: =+VLOOKUP(Q19,[1]умумий!$P$4:$EB$787,117,0) -> #N/A
A20: 16 | B20: Blok A | C20: 2-do'kon | D20: 10:10:01:01:01:0024 | E20: AbdumalikovAkmal Pulat o'g'li | F20: 51010066600018 | G20: 935272727 | H20: PREMIUM PRIME SERVICE" MAS`ULIYATI CHEKLANGAN JAMIYATI | I20: 0 | J20: 1 | K20: 30 | L20: NASRITDINOV ZAVKIDDIN NURITDINOVICH | M20: 31506640211647 | N20: NASRITDINOV ZAVKIDDIN NURITDINOVICH | O20: 888289009 | P20: 31506640211647 | R20: 1 | S20: NASRITDINOV ZAVKIDDIN NURITDINOVICH | T20: 31506640211647 | U20: 888289009 | V20: YTT | W20: AOS | X20: VG544170029912 | AA20: Faol | AF20: 0 | AG20: 0 | AH20: 0 | AI20: 0 | AJ20: 0 | AK20: 0 | AL20: 18 | AM20: 9.75 | AN20: 0 | AO20: =+VLOOKUP(Q20,[1]умумий!$P$4:$EB$787,117,0) -> #N/A
A21: 17 | B21: Blok A | C21: 3-do'kon | D21: 10:10:40:01:01:0011/0012 | E21: Alimov Ulugbek Rustamovich | F21: 30809640040022 | G21: 951773373 | H21: PREMIUM PRIME SERVICE" MAS`ULIYATI CHEKLANGAN JAMIYATI | I21: 180 | J21: 1 | K21: 40 | L21: "Intouch" Mchj | M21: 31112880221722 | N21: Shamsutdinov Sunnat Utkurovich | O21: 998990862228 | Q21: 306067924 | R21: 17 | S21: Shamsutdinov Sunnat Utkurovich Shamsiddinov Doston O`tkir O‘g‘li Shamsutdinov Dilshod Utkurovich Nigmanov Nasirullo Muxamatovich Mirsobirov Ibrohim Dilshod O‘g‘li Rixsiyev Jaloliddin Nuriddin O‘g‘li Inog‘Omov Axbor Axror O‘g‘li Abduqahhorov Asadbek Dilshod O‘g‘li Abdug‘Aniyev Abduvali Jaxongir O‘g‘li Muxamedaliyev Dilshod Muxamedayubovich O‘Ktamov Shovkat Ibrohim O‘g‘li Mahmudov Bobur Bahtiyor O‘g‘li Qudratullayev Azizjon Rashid O‘g‘li Sayfullayev Sultonmurod Kaxramon O‘g‘li Xabibullayev Muxammad Uktam O‘g‘li Xamidullayev Dilshod Muzrab O‘g‘li Xayrullayev Sarvarjon Sayfulla O‘g‘li | T21: 998756541 | U21: 904337777 900047000 933984606 000000000 900957777 997949112 990505959 970364404 935811016 977699299 955555800 977333273 946810806 777271334 990857293 977096315 900510009 | V21: Yuridik | W21: QQS | X21: VG300750020148 | AA21: Faol | AF21: 733.4 | AG21: 2002 | AH21: 71.5 | AI21: 190 | AJ21: 0.7 | AK21: 6 | AL21: 131 | AM21: 2448.1919 | AN21: 0 | AO21: =+VLOOKUP(Q21,[1]умумий!$P$4:$EB$787,117,0) -> 0
A22: 18 | B22: Blok A | C22: 3-do'kon | D22: 10:10:40:01:01:0011/0012 | E22: Alimov Ulugbek Rustamovich | F22: 30809640040022 | G22: 951773373 | H22: PREMIUM PRIME SERVICE" MCHJ | I22: 0 | J22: 1 | K22: 20 | L22: AZIZJON QUDRATULLAYEV RASHID O‘G‘LI | M22: 52303036610029 | N22: AZIZJON QUDRATULLAYEV RASHID O‘G‘LI | O22: 998756541 | P22: 52303036610029 | R22: 1 | S22: AZIZJON QUDRATULLAYEV RASHID O‘G‘LI | T22: 52303036610029 | U22: 998756541 | V22: YTT | W22: AOS | X22: LG420211622155 | AA22: Faol | AF22: 123.2 | AG22: 44 | AH22: 7.5 | AI22: 3 | AJ22: 0 | AK22: 0 | AL22: 0 | AM22: 0 | AN22: 0 | AO22: =+VLOOKUP(Q22,[1]умумий!$P$4:$EB$787,117,0) -> #N/A
A23: 19 | B23: Blok A | C23: 3-do'kon | D23: 10:10:40:01:01:0011/0012 | E23: Alimov Ulugbek Rustamovich | F23: 30809640040022 | G23: 951773373 | H23: PREMIUM PRIME SERVICE" MCHJ | I23: 0 | J23: 1 | K23: 40 | L23: Kudratov Murodjon Xikmatullayevich | M23: 31208740220018 | N23: Kudratov Murodjon Xikmatullayevich | O23: 997201133 | P23: 31208740220018 | R23: 1 | S23: Kudratov Murodjon Xikmatullayevich | T23: 31208740220018 | U23: 997201133 | V23: YTT | W23: AOS | X23: LG420211621166 | AA23: Faol | AF23: 23.3 | AG23: 24 | AH23: 2.8 | AI23: 8 | AJ23: 0 | AK23: 0 | AL23: 0 | AM23: 0 | AN23: 0 | AO23: =+VLOOKUP(Q23,[1]умумий!$P$4:$EB$787,117,0) -> #N/A
A24: 20 | B24: Blok A | C24: 3-do'kon | D24: 10:10:40:01:01:0011/0012 | E24: Alimov Ulugbek Rustamovich | F24: 30809640040022 | G24: 951773373 | H24: PREMIUM PRIME SERVICE" MAS`ULIYATI CHEKLANGAN JAMIYATI | I24: 0 | J24: 1 | K24: 40 | L24: Movlonxo‘Jayev Rustam Davron O'g'li | M24: 32410986610042 | N24: Movlonxo‘Jayev Rustam Davron O'g'li | O24: +998935443445 | P24: 32410986610042 | R24: 5 | S24: Turdushadjiev Ilzat Azatovich Nabiev Atxambek Baxodir O‘g‘li Xakimov Umid Niyazovich Yusupov Farxod Sadikdjanovich Narkobelov Otabek Abduraxim O‘g‘li | T24: 31301870770058 30812956610021 32912830220080 30112770250091 30405920171828 | U24: 997100001 974344686 974438282 000000000 999350030 | V24: YTT | W24: AOS | X24: YZ231006000696 | AA24: Faol | AF24: 340.9 | AG24: 1681 | AH24: 44.7 | AI24: 390 | AJ24: 2.2 | AK24: 29 | AL24: 0 | AM24: 0 | AN24: 0 | AO24: =+VLOOKUP(Q24,[1]умумий!$P$4:$EB$787,117,0) -> #N/A
A25: 21 | B25: Blok A | C25: 3-do'kon | D25: 10:10:40:01:01:0011/0012 | E25: Alimov Ulugbek Rustamovich | F25: 30809640040022 | G25: 951773373 | H25: PREMIUM PRIME SERVICE" MAS`ULIYATI CHEKLANGAN JAMIYATI | I25: 0 | J25: 1 | K25: 40 | L25: Sodiqjonov Faxriddin Farhod O'g'li | M25: 51412066750038 | N25: Sodiqjonov Faxriddin Farhod O'g'li | O25: +998938943333 | P25: 51412066750038 | R25: 5 | S25: Kudratov Murojon Xikmatullaevich Raimdjanov Ulugbek Abdusalomovich Tokniyozov Rustam Turdiaxunovich Saydullaev Shuxrat Shovkat O’g’li Asadullaev Farrux Abdullo O’g’li | T25: 31208740220018 31810881240138 31104786590013 31410910171725 51007036750031 | U25: 997201133 931351818 990038880 998305133 000000000 | V25: YTT | W25: AOS | X25: LG420211639801 | AA25: Faol | AF25: 247.5 | AG25: 1377 | AH25: 40.4 | AI25: 289 | AJ25: 5.1 | AK25: 37 | AL25: 0 | AM25: 0 | AN25: 0 | AO25: =+VLOOKUP(Q25,[1]умумий!$P$4:$EB$787,117,0) -> #N/A
A26: 22 | B26: Blok A | C26: 4-do'kon | D26: 10:10:40:01:01:0011/0012 | E26: Alimov Ulugbek Rustamovich | F26: 30809640040022 | G26: 951773373 | H26: PREMIUM PRIME SERVICE" MAS`ULIYATI CHEKLANGAN JAMIYATI | I26: 180 | J26: 1 | K26: 15 | L26: ЧП "NODIR-ALI-FAYZ SERVICE" | M26: 32512860220056 | N26: SHAYXOV NODIR NIGMATULLAYEVICH | O26: 977028686 | Q26: 307047971 | R26: 1 | S26: SHAYXOV NODIR NIGMATULLAYEVICH | T26: 32512860220056 | U26: 977028686 | V26: Yuridik | W26: AOS | X26: 0 | AA26: Faol | AF26: 0 | AG26: 0 | AH26: 0 | AI26: 0 | AJ26: 0 | AK26: 0 | AL26: 14 | AM26: 84 | AN26: 0 | AO26: =+VLOOKUP(Q26,[1]умумий!$P$4:$EB$787,117,0) -> 0
A27: 23 | B27: Blok A | C27: 4-do'kon | D27: 10:10:40:01:01:0011/0012 | E27: Alimov Ulugbek Rustamovich | F27: 30809640040022 | G27: 951773373 | H27: PREMIUM PRIME SERVICE" MAS`ULIYATI CHEKLANGAN JAMIYATI | I27: 0 | J27: 1 | K27: 15 | L27: `OPEN SHOP` MCHJ | M27: 30410860240026 | N27: KARIMJONOV SARDOR ABDUXALIL O‘G‘LI | O27: 998357313 | Q27: 307095613 | R27: 1 | S27: KARIMJONOV SARDOR ABDUXALIL O‘G‘LI | T27: 30410860240026 | U27: 998357313 | V27: Yuridik | W27: QQS | X27: YZ231006043301 | AF27: 573.7 | AG27: 131 | AH27: 4 | AI27: 1 | AJ27: 0 | AK27: 0 | AL27: 126 | AM27: 22601.465 | AN27: 0 | AO27: =+VLOOKUP(Q27,[1]умумий!$P$4:$EB$787,117,0) -> 0
A28: 24 | B28: Blok A | C28: 4-do'kon | D28: 10:10:40:01:01:0011/0012 | E28: Alimov Ulugbek Rustamovich | F28: 30809640040022 | G28: 951773373 | H28: PREMIUM PRIME SERVICE" MAS`ULIYATI CHEKLANGAN JAMIYATI | I28: 0 | J28: 1 | K28: 15 | L28: `OPEN SHOP` MCHJ | M28: 30410860240026 | N28: KARIMJONOV SARDOR ABDUXALIL O‘G‘LI | O28: 998357313 | Q28: 307095613 | R28: 1 | S28: KARIMJONOV SARDOR ABDUXALIL O‘G‘LI | T28: 30410860240026 | U28: 998357313 | V28: Yuridik | W28: QQS | X28: NA000000016613 | AA28: Faol | AF28: 1071.4 | AG28: 151 | AH28: 0 | AI28: 0 | AJ28: 0 | AK28: 0 | AL28: 273 | AM28: 39886.169 | AN28: 0 | AO28: =+VLOOKUP(Q28,[1]умумий!$P$4:$EB$787,117,0) -> 0
A29: 25 | B29: Blok A | C29: 4-do'kon | D29: 10:10:40:01:01:0011/0012 | E29: Alimov Ulugbek Rustamovich | F29: 30809640040022 | G29: 951773373 | H29: PREMIUM PRIME SERVICE" MAS`ULIYATI CHEKLANGAN JAMIYATI | I29: 0 | J29: 1 | K29: 15 | L29: Rasulov Maxmudjon Dexkanbayevich | M29: 30303720221421 | N29: Rasulov Maxmudjon Dexkanbayevich | O29: 946600767 | P29: 30303720221421 | R29: 1 | S29: Rasulov Maxmudjon Dexkanbayevich | T29: 30303720221421 | U29: 946600767 | V29: YTT | W29: AOS | X29: LG420211621167 | AA29: Faol | AF29: 35.8 | AG29: 35 | AH29: 7.6 | AI29: 7 | AJ29: 0 | AK29: 0 | AL29: 0 | AM29: 0 | AN29: 0 | AO29: =+VLOOKUP(Q29,[1]умумий!$P$4:$EB$787,117,0) -> #N/A
A30: 26 | B30: Blok A | C30: 4-do'kon | D30: 10:10:40:01:01:0011/0012 | E30: Alimov Ulugbek Rustamovich | F30: 30809640040022 | G30: 951773373 | H30: PREMIUM PRIME SERVICE" MAS`ULIYATI CHEKLANGAN JAMIYATI | I30: 0 | J30: 1 | K30: 15 | L30: NABIYEV IZZATULLA SUNNATULLO O‘G‘LI | M30: 30803986610028 | N30: NABIYEV IZZATULLA SUNNATULLO O‘G‘LI | O30: 770044040 | P30: 30803986610028 | R30: 1 | S30: NABIYEV IZZATULLA SUNNATULLO O‘G‘LI | T30: 30803986610028 | U30: 770044040 | V30: YTT | W30: AOS | X30: LG420211621168 | AA30: Faol | AF30: 27.6 | AG30: 127 | AH30: 5.6 | AI30: 29 | AJ30: 1 | AK30: 8 | AL30: 0 | AM30: 0 | AN30: 0 | AO30: =+VLOOKUP(Q30,[1]умумий!$P$4:$EB$787,117,0) -> #N/A
A31: 27 | B31: Blok A | C31: 4-do'kon | D31: 10:10:40:01:01:0011/0012 | E31: Alimov Ulugbek Rustamovich | F31: 30809640040022 | G31: 951773373 | H31: PREMIUM PRIME SERVICE" MAS`ULIYATI CHEKLANGAN JAMIYATI | I31: 0 | J31: 1 | K31: 15 | L31: Shoxzodbek Yoqubjonov Ilhomjon O'g'li | M31: 30904932140115 | N31: Shoxzodbek Yoqubjonov Ilhomjon O'g'li | O31: 900000000 | P31: 30904932140115 | R31: 1 | S31: Shoxzodbek Yoqubjonov Ilhomjon O'g'li | T31: 30904932140115 | U31: 900000000 | V31: YTT | W31: AOS | X31: VG343420021079 | AA31: Faol | AF31: 167.6 | AG31: 51 | AH31: 17.9 | AI31: 7 | AJ31: 0 | AK31: 0 | AL31: 1 | AM31: 5.88 | AN31: 0 | AO31: =+VLOOKUP(Q31,[1]умумий!$P$4:$EB$787,117,0) -> #N/A
A32: 28 | B32: Blok A | C32: 4-do'kon | D32: 10:10:40:01:01:0011/0012 | E32: Alimov Ulugbek Rustamovich | F32: 30809640040022 | G32: 951773373 | H32: PREMIUM PRIME SERVICE" MAS`ULIYATI CHEKLANGAN JAMIYATI | I32: 0 | J32: 1 | K32: 15 | L32: ZUXRIDDINOV SHOXOBIDDIN FAZLIDDIN O‘G‘LI | M32: 31905976670061 | N32: ZUXRIDDINOV SHOXOBIDDIN FAZLIDDIN O‘G‘LI | O32: 907880058 | P32: 31905976670061 | R32: 1 | S32: ZUXRIDDINOV SHOXOBIDDIN FAZLIDDIN O‘G‘LI | T32: 31905976670061 | U32: 907880058 | V32: YTT | W32: AOS | X32: LG420211609406 | AA32: Faol | AF32: 40.9 | AG32: 26 | AH32: 0.1 | AI32: 1 | AJ32: 0 | AK32: 0 | AL32: 0 | AM32: 0 | AN32: 0 | AO32: =+VLOOKUP(Q32,[1]умумий!$P$4:$EB$787,117,0) -> #N/A
A33: 29 | B33: Blok A | C33: 4-do'kon | D33: 10:10:40:01:01:0011/0012 | E33: Alimov Ulugbek Rustamovich | F33: 30809640040022 | G33: 951773373 | H33: PREMIUM PRIME SERVICE" MAS`ULIYATI CHEKLANGAN JAMIYATI | I33: 0 | J33: 1 | K33: 15 | L33: IBROHIMOV JO‘RABEK AHMADJON O‘G‘LI | M33: 32109986540032 | N33: IBROHIMOV JO‘RABEK AHMADJON O‘G‘LI | O33: 909338885 | P33: 32109986540032 | R33: 1 | S33: IBROHIMOV JO‘RABEK AHMADJON O‘G‘LI | T33: 32109986540032 | U33: 909338885 | V33: YTT | W33: AOS | X33: LG420211638029 | AA33: Faol | AF33: 229.6 | AG33: 37 | AH33: 18.3 | AI33: 4 | AJ33: 0 | AK33: 0 | AL33: 32 | AM33: 67.17 | AN33: 1 | AO33: =+VLOOKUP(Q33,[1]умумий!$P$4:$EB$787,117,0) -> #N/A
A34: 30 | B34: Blok A | C34: 4-do'kon | D34: 10:10:40:01:01:0011/0012 | E34: Alimov Ulugbek Rustamovich | F34: 30809640040022 | G34: 951773373 | H34: PREMIUM PRIME SERVICE" MAS`ULIYATI CHEKLANGAN JAMIYATI | I34: 0 | J34: 1 | K34: 15 | L34: Toxirov Davron Xaydar O'g'li | M34: 32404910600036 | N34: Toxirov Davron Xaydar O'g'li | O34: +998331019999 | P34: 32404910600036 | R34: 4 | S34: QAMBAROV AZIZJON AKMAL O‘G‘LI G‘ULOMOV XASAN G‘OFURJON O‘G‘LI MUXAMEDOV SHAXZOD UKTAMOVICH ABDURAXIMOV ASADBEK ABDURAZZOQ O‘G‘LI | T34: 53007046750058 31511840290024 31708880070039 50402056620022 | U34: 0998977401500 998909323640 998998008383 998974230204 | V34: YTT | W34: AOS | X34: LG420211622505 | AA34: Faol | AF34: 71.3 | AG34: 96 | AH34: 2.2 | AI34: 2 | AJ34: 0 | AK34: 0 | AL34: 1 | AM34: 0.03 | AN34: 0 | AO34: =+VLOOKUP(Q34,[1]умумий!$P$4:$EB$787,117,0) -> #N/A
A35: 31 | B35: Blok A | C35: 4-do'kon | D35: 10:10:40:01:01:0011/0012 | E35: Alimov Ulugbek Rustamovich | F35: 30809640040022 | G35: 951773373 | H35: PREMIUM PRIME SERVICE" MAS`ULIYATI CHEKLANGAN JAMIYATI | I35: 0 | J35: 1 | K35: 15 | L35: Tojiboyev Abbosjon Umidjon O'g'li | M35: 50304026520049 | N35: Tojiboyev Abbosjon Umidjon O'g'li | O35: +998998151711 | P35: 50304026520049 | R35: 1 | S35: RAXIMOV OYBEK ULUG‘BEK O‘G‘LI | T35: 52106036610026 | U35: 998900156240 | V35: YTT | W35: AOS | X35: VG298430010687 | AA35: Faol | AF35: 97.6 | AG35: 126 | AH35: 5.9 | AI35: 20 | AJ35: 0.7 | AK35: 3 | AL35: 1 | AM35: 1.52 | AN35: 0 | AO35: =+VLOOKUP(Q35,[1]умумий!$P$4:$EB$787,117,0) -> #N/A
A36: 32 | B36: Blok A | C36: 4-do'kon | D36: 10:10:40:01:01:0011/0012 | E36: Alimov Ulugbek Rustamovich | F36: 30809640040022 | G36: 951773373 | H36: PREMIUM PRIME SERVICE" MAS`ULIYATI CHEKLANGAN JAMIYATI | I36: 0 | J36: 1 | K36: 15 | L36: AXMADALIYEV ABU-BAKIR ALISHER O‘G‘LI | M36: 50610006610047 | N36: AXMADALIYEV ABU-BAKIR ALISHER O‘G‘LI | O36: 940555514 | P36: 50610006610047 | R36: 1 | S36: AXMADALIYEV ABU-BAKIR ALISHER O‘G‘LI | T36: 50610006610047 | U36: 940555514 | V36: YTT | W36: AOS | X36: 0 | AA36: Faol | AF36: 0 | AG36: 0 | AH36: 0 | AI36: 0 | AJ36: 0 | AK36: 0 | AL36: 0 | AM36: 0 | AN36: 0 | AO36: =+VLOOKUP(Q36,[1]умумий!$P$4:$EB$787,117,0) -> #N/A
A37: 33 | B37: Blok A | C37: 4-do'kon | D37: 10:10:40:01:01:0011/0012 | E37: Alimov Ulugbek Rustamovich | F37: 30809640040022 | G37: 951773373 | H37: PREMIUM PRIME SERVICE" MAS`ULIYATI CHEKLANGAN JAMIYATI | I37: 0 | J37: 1 | K37: 15 | L37: Tursunov Dilnur Dilshod O'g'li | M37: 50905066620030 | N37: Tursunov Dilnur Dilshod O'g'li | O37: +998940704343 | P37: 50905066620030 | R37: 3 | S37: OBIDJONOV MUXAMMADALI OMILJON O‘G‘LI NARMAMATOV SHUXRATJON MAMADALIYEVICH ALIYEV MAHMUDJON IBROHIM O‘G‘LI | T37: 53105086540052 31512892940037 32704985970035 | U37: 998908287654 998909433118 998977100023 | V37: YTT | W37: AOS | X37: LG420211622506 | AA37: Faol | AF37: 45.1 | AG37: 50 | AH37: 1.4 | AI37: 3 | AJ37: 0.5 | AK37: 1 | AL37: 1 | AM37: 0.01 | AN37: 0 | AO37: =+VLOOKUP(Q37,[1]умумий!$P$4:$EB$787,117,0) -> #N/A
A38: 34 | B38: Blok A | C38: 4-do'kon | D38: 10:10:40:01:01:0011/0012 | E38: Alimov Ulugbek Rustamovich | F38: 30809640040022 | G38: 951773373 | H38: PREMIUM PRIME SERVICE" MAS`ULIYATI CHEKLANGAN JAMIYATI | I38: 0 | J38: 1 | K38: 15 | L38: Sobirjonov Shukurjon Sharifjon O'g'li | M38: 52107006610066 | N38: Sobirjonov Shukurjon Sharifjon O'g'li | O38: 903208696 | P38: 52107006610066 | R38: 1 | S38: Sobirjonov Shukurjon Sharifjon O'g'li | T38: 52107006610066 | U38: 903208696 | V38: YTT | W38: AOS | X38: 0 | AA38: Faol | AF38: 0 | AG38: 0 | AH38: 0 | AI38: 0 | AJ38: 0 | AK38: 0 | AL38: 0 | AM38: 0 | AN38: 0 | AO38: =+VLOOKUP(Q38,[1]умумий!$P$4:$EB$787,117,0) -> #N/A
A39: 35 | B39: Blok A | C39: 5-do'kon | D39: 10:10:40:01:01:0011/0012 | E39: Alimov Ulugbek Rustamovich | F39: 30809640040022 | G39: 951773373 | H39: PREMIUM PRIME SERVICE" MAS`ULIYATI CHEKLANGAN JAMIYATI | I39: 180 | J39: 1 | K39: 20 | L39: Igamberdiyev Umarjon Mamurjon O'g'li | M39: 50610036610017 | N39: Igamberdiyev Umarjon Mamurjon O'g'li | O39: 959054505 | P39: 50610036610017 | R39: 1 | S39: Igamberdiyev Umarjon Mamurjon O'g'li | T39: 50610036610017 | U39: 959054505 | V39: YTT | W39: QQS | X39: LG420211621216 | AA39: Faol | AF39: 148.3 | AG39: 177 | AH39: 31 | AI39: 46 | AJ39: 0 | AK39: 0 | AL39: 0 | AM39: 0 | AN39: 0 | AO39: =+VLOOKUP(Q39,[1]умумий!$P$4:$EB$787,117,0) -> #N/A
A40: 743 | B40: Blok A | C40: 5-do'kon | D40: 10:10:40:01:01:0011/0012 | E40: Alimov Ulugbek Rustamovich | F40: 30809640040022 | G40: 951773373 | H40: PREMIUM PRIME SERVICE" MAS`ULIYATI CHEKLANGAN JAMIYATI | I40: 0 | J40: 1 | K40: 20 | L40: RAHIMJONOV ULUG‘BEK ABDUVAHOB O‘G‘LI | M40: 31211940210071 | N40: RAHIMJONOV ULUG‘BEK ABDUVAHOB O‘G‘LI | P40: 31211940210071 | Q40: 309280120 | R40: 1 | S40: RAHIMJONOV ULUG‘BEK ABDUVAHOB O‘G‘LI | T40: 31211940210071 | V40: YTT | W40: AOS | X40: LG420211633912 | AF40: 43.9 | AG40: 286 | AH40: 6 | AI40: 67 | AJ40: 0 | AK40: 0 | AL40: 6 | AM40: 200.40433 | AN40: 0 | AO40: =+VLOOKUP(Q40,[1]умумий!$P$4:$EB$787,117,0) -> 0
A41: 36 | B41: Blok A | C41: 5-do'kon | D41: 10:10:40:01:01:0011/0012 | E41: Alimov Ulugbek Rustamovich | F41: 30809640040022 | G41: 951773373 | H41: PREMIUM PRIME SERVICE" MAS`ULIYATI CHEKLANGAN JAMIYATI | I41: 0 | J41: 1 | K41: 20 | L41: Ataxanov Nodirbek Nozimovich | M41: 32412820770019 | N41: Ataxanov Nodirbek Nozimovich | O41: +998983671982 | P41: 32412820770019 | R41: 5 | S41: Abdullaxatov Xusan Abduzabixilla O‘g‘li Raximjonov Shaxzod Baxrom O‘g‘li Ubaydullaev Lutfulla Sayfullaevich Tadjibaev Muxammad Muxtorovich Tolipov Abror Avzal O‘g‘li | T41: 50511046600033 50603046610016 31001820222272 31009854320041 30511910211112 | U41: 332022233 946753634 977734473 932704944 977005005 | V41: YTT | W41: AOS | X41: UZ201125124435 | AA41: Faol | AF41: 311.9 | AG41: 275 | AH41: 0 | AI41: 0 | AJ41: 0 | AK41: 0 | AL41: 0 | AM41: 0 | AN41: 0 | AO41: =+VLOOKUP(Q41,[1]умумий!$P$4:$EB$787,117,0) -> #N/A
A42: 37 | B42: Blok A | C42: 5-do'kon | D42: 10:10:40:01:01:0011/0012 | E42: Alimov Ulugbek Rustamovich | F42: 30809640040022 | G42: 951773373 | H42: PREMIUM PRIME SERVICE" MAS`ULIYATI CHEKLANGAN JAMIYATI | I42: 0 | J42: 1 | K42: 20 | L42: "Pc Planet" Mchj | M42: 51903016670013 | N42: Qudratillayev Raxmatilla Xikmatilla O'g'li | O42: 971570705 | Q42: 311717825 | R42: 6 | S42: Qudratillayev Raxmatilla Xikmatilla Ogli Alimuxamedov Gulomjan Nasirdjanovich Vaxobov Xikmatilla Nosirjanova Mastura Alimuxamedov Shokirjon Sultangulov Rais Ayratovich | T42: 51903016670013 30707860210039 31406740720019 62405076540021 31601820210011 30610907340029 | U42: 971570705 881708000 935000705 909050008 977710002 884759000 | V42: Yuridik | W42: QQS | X42: LG420211621179 | AA42: Faol | AF42: 66.2 | AG42: 33 | AH42: 9.3 | AI42: 6 | AJ42: 0 | AK42: 0 | AL42: 183 | AM42: 14821.812 | AN42: 0 | AO42: =+VLOOKUP(Q42,[1]умумий!$P$4:$EB$787,117,0) -> 0
A43: 745 | B43: Blok A | C43: 5-do'kon | D43: 10:10:40:01:01:0011/0012 | E43: Alimov Ulugbek Rustamovich | F43: 30809640040022 | G43: 951773373 | H43: PREMIUM PRIME SERVICE" MAS`ULIYATI CHEKLANGAN JAMIYATI | I43: 0 | J43: 1 | K43: 20 | L43: ERKINOV ABDUMAJID ABDUG‘ANI O‘G‘LI | M43: 52805026750022 | N43: ERKINOV ABDUMAJID ABDUG‘ANI O‘G‘LI | P43: 52805026750022 | R43: 1 | S43: ERKINOV ABDUMAJID ABDUG‘ANI O‘G‘LI | T43: 52805026750022 | V43: YTT | W43: AOS | X43: LG420211633910 | AF43: 62.1 | AG43: 338 | AH43: 18.8 | AI43: 131 | AJ43: 3.1 | AK43: 4 | AL43: 0 | AM43: 0 | AN43: 0 | AO43: =+VLOOKUP(Q43,[1]умумий!$P$4:$EB$787,117,0) -> #N/A
A44: 746 | B44: Blok A | C44: 5-do'kon | D44: 10:10:40:01:01:0011/0012 | E44: Alimov Ulugbek Rustamovich | F44: 30809640040022 | G44: 951773373 | H44: PREMIUM PRIME SERVICE" MAS`ULIYATI CHEKLANGAN JAMIYATI | I44: 0 | J44: 1 | K44: 20 | L44: TADJIBAYEV MUXAMMAD MUXTOROVICH | M44: 31009854320041 | N44: TADJIBAYEV MUXAMMAD MUXTOROVICH | P44: 31009854320041 | R44: 1 | S44: TADJIBAYEV MUXAMMAD MUXTOROVICH | T44: 31009854320041 | V44: YTT | W44: AOS | X44: LG420211633049 | AF44: 106.5 | AG44: 317 | AH44: 23 | AI44: 184 | AJ44: 0.3 | AK44: 20 | AL44: 1 | AM44: 3 | AN44: 0 | AO44: =+VLOOKUP(Q44,[1]умумий!$P$4:$EB$787,117,0) -> #N/A
A45: 747 | B45: Blok A | C45: 5-do'kon | D45: 10:10:40:01:01:0011/0012 | E45: Alimov Ulugbek Rustamovich | F45: 30809640040022 | G45: 951773373 | H45: PREMIUM PRIME SERVICE" MAS`ULIYATI CHEKLANGAN JAMIYATI | I45: 0 | J45: 1 | K45: 20 | L45: SADIKOV ABDULAZIZ RAVSHANOVICH | M45: 51401046610073 | N45: SADIKOV ABDULAZIZ RAVSHANOVICH | P45: 51401046610073 | R45: 1 | S45: SADIKOV ABDULAZIZ RAVSHANOVICH | T45: 51401046610073 | V45: YTT | W45: AOS | X45: LG420211632142 | AF45: 0 | AG45: 0 | AH45: 0 | AI45: 0 | AJ45: 0 | AK45: 0 | AL45: 0 | AM45: 0 | AN45: 0 | AO45: =+VLOOKUP(Q45,[1]умумий!$P$4:$EB$787,117,0) -> #N/A
A46: 748 | B46: Blok A | C46: 5-do'kon | D46: 10:10:40:01:01:0011/0012 | E46: Alimov Ulugbek Rustamovich | F46: 30809640040022 | G46: 951773373 | H46: PREMIUM PRIME SERVICE" MAS`ULIYATI CHEKLANGAN JAMIYATI | I46: 0 | J46: 1 | K46: 20 | L46: NASRIDINOV KAMOLIDDIN PAZLITDINOVICH | M46: 33009830220057 | N46: NASRIDINOV KAMOLIDDIN PAZLITDINOVICH | P46: 33009830220057 | R46: 1 | S46: NASRIDINOV KAMOLIDDIN PAZLITDINOVICH | T46: 33009830220057 | V46: YTT | W46: AOS | X46: LG420211633913 | AF46: 65.2 | AG46: 327 | AH46: 11.7 | AI46: 113 | AJ46: 0.7 | AK46: 7 | AL46: 0 | AM46: 0 | AN46: 0 | AO46: =+VLOOKUP(Q46,[1]умумий!$P$4:$EB$787,117,0) -> #N/A
A47: 749 | B47: Blok A | C47: 5-do'kon | D47: 10:10:40:01:01:0011/0012 | E47: Alimov Ulugbek Rustamovich | F47: 30809640040022 | G47: 951773373 | H47: PREMIUM PRIME SERVICE" MAS`ULIYATI CHEKLANGAN JAMIYATI | I47: 0 | J47: 1 | K47: 20 | L47: UBAYDULLAYEV LUTFULLA SAYFULLAYEVICH | M47: 31001820222272 | N47: UBAYDULLAYEV LUTFULLA SAYFULLAYEVICH | P47: 31001820222272 | R47: 1 | S47: UBAYDULLAYEV LUTFULLA SAYFULLAYEVICH | T47: 31001820222272 | V47: YTT | W47: AOS | X47: LG420211633050 | AF47: 61.7 | AG47: 495 | AH47: 16 | AI47: 208 | AJ47: 1 | AK47: 12 | AL47: 0 | AM47: 0 | AN47: 0 | AO47: =+VLOOKUP(Q47,[1]умумий!$P$4:$EB$787,117,0) -> #N/A
A48: 38 | B48: Blok A | C48: 5-do'kon | D48: 10:10:40:01:01:0011/0012 | E48: Alimov Ulugbek Rustamovich | F48: 30809640040022 | G48: 951773373 | H48: PREMIUM PRIME SERVICE" MAS`ULIYATI CHEKLANGAN JAMIYATI | I48: 0 | J48: 1 | K48: 20 | L48: Ergashev Komiljon Rustam O'g'li | M48: 31511996570010 | N48: Ergashev Komiljon Rustam O'g'li | O48: +998978784911 | P48: 31511996570010 | R48: 5 | S48: G‘ANIJONOV SHOHRUHBEK NOMOZBEK O‘G‘LI SHERZODOV ABDULLOX DILMUROD O‘G‘LI ALIMOV ISLOMBEK XASANOVICH SOBIROV SHARIFJON ABROR O‘G‘LI SHOKIROV RAVSHANJON SHAVKATJON O‘G‘LI | T48: 30709951910060 51710006610058 51805076610018 30901996610114 31008961360021 | U48: 998978784911 | V48: YTT | W48: AOS | X48: LG420211621148 | AA48: Faol | AF48: 89.2 | AG48: 396 | AH48: 10.1 | AI48: 110 | AJ48: 0 | AK48: 0 | AL48: 1 | AM48: 0.05 | AN48: 0 | AO48: =+VLOOKUP(Q48,[1]умумий!$P$4:$EB$787,117,0) -> #N/A
A49: 39 | B49: Blok A | C49: 5-do'kon | D49: 10:10:40:01:01:0011/0012 | E49: Alimov Ulugbek Rustamovich | F49: 30809640040022 | G49: 951773373 | H49: PREMIUM PRIME SERVICE" MAS`ULIYATI CHEKLANGAN JAMIYATI | I49: 0 | J49: 1 | K49: 20 | L49: Yusupov Ibrohim G‘Ofur O'g'li | M49: 32602950210141 | N49: Yusupov Ibrohim G‘Ofur O'g'li | O49: +998940810818 | P49: 32602950210141 | R49: 3 | S49: TOLIPOV ABROR AVZAL O‘G‘LI RASULMUXAMEDOV DILSHOD SHERZOD O‘G‘LI ABDUNABIYEV RAVSHAN RUSTAM O‘G‘LI | T49: 30511910211112 50308056530018 51602076590043 | U49: 998940810818 | V49: YTT | W49: AOS | X49: LG420211621171 | AA49: Faol | AF49: 118.3 | AG49: 244 | AH49: 13.1 | AI49: 43 | AJ49: 0.4 | AK49: 5 | AL49: 0 | AM49: 0 | AN49: 0 | AO49: =+VLOOKUP(Q49,[1]умумий!$P$4:$EB$787,117,0) -> #N/A
A50: 40 | B50: Blok A | C50: 5-do'kon | D50: 10:10:40:01:01:0011/0012 | E50: Alimov Ulugbek Rustamovich | F50: 30809640040022 | G50: 951773373 | H50: PREMIUM PRIME SERVICE" MAS`ULIYATI CHEKLANGAN JAMIYATI | I50: 0 | J50: 1 | K50: 20 | L50: Karimov Shoxrux Mamurjon O'g'li | M50: 32806910172067 | N50: Karimov Shoxrux Mamurjon O'g'li | O50: +998930830000 | P50: 32806910172067 | R50: 5 | S50: Kamoliddinov Azizbek Abduraximov Umar Maxmudjonov Rajabbek Sobirov Burxonjon Fayzullaev Muxammad | T50: 52705036790033 51808036540019 30912956610022 50106046500036 51710066610029 | U50: 931699003 977712882 881013770 773102121 977102510 | V50: YTT | W50: AOS | X50: UZ201125119608 | AA50: Faol | AF50: 54.2 | AG50: 49 | AH50: 1 | AI50: 5 | AJ50: 0 | AK50: 0 | AL50: 6 | AM50: 5.8 | AN50: 0 | AO50: =+VLOOKUP(Q50,[1]умумий!$P$4:$EB$787,117,0) -> #N/A
A51: 41 | B51: Blok A | C51: 5-do'kon | D51: 10:10:40:01:01:0011/0012 | E51: Alimov Ulugbek Rustamovich | F51: 30809640040022 | G51: 951773373 | H51: PREMIUM PRIME SERVICE" MAS`ULIYATI CHEKLANGAN JAMIYATI | I51: 0 | J51: 1 | K51: 20 | L51: ABDULLAXATOV XUSAN ABDUZABIXILLA O‘G‘LI | M51: 50511046600033 | N51: ABDULLAXATOV XUSAN ABDUZABIXILLA O‘G‘LI | O51: 332022233 | P51: 50511046600033 | R51: 1 | S51: ABDULLAXATOV XUSAN ABDUZABIXILLA O‘G‘LI | T51: 50511046600033 | U51: 332022233 | V51: YTT | W51: AOS | X51: LG420211629949 | AA51: Faol | AF51: 177.4 | AG51: 421 | AH51: 18.6 | AI51: 77 | AJ51: 0 | AK51: 0 | AL51: 1 | AM51: 0.07 | AN51: 0 | AO51: =+VLOOKUP(Q51,[1]умумий!$P$4:$EB$787,117,0) -> #N/A
A52: 42 | B52: Blok A | C52: 5-do'kon | D52: 10:10:40:01:01:0011/0012 | E52: Alimov Ulugbek Rustamovich | F52: 30809640040022 | G52: 951773373 | H52: PREMIUM PRIME SERVICE" MAS`ULIYATI CHEKLANGAN JAMIYATI | I52: 0 | J52: 1 | K52: 20 | L52: Sobitov Maxmudjon Murodjon O'g'li | M52: 50911016540057 | N52: Sobitov Maxmudjon Murodjon O'g'li | O52: +998983052007 | P52: 50911016540057 | R52: 5 | S52: Raximjonov Ulugbek Abduvaxob O‘g‘li Sobirov Sharifjon Abror O‘g‘li Babajanov Sardorbek Abduvali O‘g‘li Tolipov Ibroxim Dilshod O‘g‘li Axmadjonov Odiljon Shokirjon O‘g‘li | T52: 31211940210071 30901996610114 30512976520035 32405996540054 51607036750013 | U52: 0 977077665 996388828 903476566 976403333 | V52: YTT | W52: AOS | X52: LG420211629146 | AA52: Faol | AF52: 154.7 | AG52: 481 | AH52: 20.4 | AI52: 149 | AJ52: 0.8 | AK52: 10 | AL52: 1 | AM52: 0.29 | AN52: 0 | AO52: =+VLOOKUP(Q52,[1]умумий!$P$4:$EB$787,117,0) -> #N/A
A53: 43 | B53: Blok A | C53: 5-do'kon | D53: 10:10:40:01:01:0011/0012 | E53: Alimov Ulugbek Rustamovich | F53: 30809640040022 | G53: 951773373 | H53: PREMIUM PRIME SERVICE" MAS`ULIYATI CHEKLANGAN JAMIYATI | I53: 0 | J53: 1 | K53: 20 | L53: ABILQOSIMOV OYBEK SHAROFIDDIN O‘G‘LI | M53: 51712026790031 | N53: ABILQOSIMOV OYBEK SHAROFIDDIN O‘G‘LI | O53: 941850702 | P53: 51712026790031 | R53: 1 | S53: ABILQOSIMOV OYBEK SHAROFIDDIN O‘G‘LI | T53: 51712026790031 | U53: 941850702 | V53: YTT | W53: AOS | X53: LG420211635206 | AA53: Faol | AF53: 24.1 | AG53: 26 | AH53: 6.6 | AI53: 5 | AJ53: 0 | AK53: 0 | AL53: 0 | AM53: 0 | AN53: 0 | AO53: =+VLOOKUP(Q53,[1]умумий!$P$4:$EB$787,117,0) -> #N/A
A54: 44 | B54: Blok A | C54: 6-do'kon | D54: 10:10:40:01:01:0011/0012 | E54: Alimov Ulugbek Rustamovich | F54: 30809640040022 | G54: 951773373 | H54: PREMIUM PRIME SERVICE" MAS`ULIYATI CHEKLANGAN JAMIYATI | I54: 180 | J54: 1 | K54: 22 | L54: Osiyo Volga | M54: 31512710170013 | N54: Djalilov Rovshan Atxamovich | O54: 978037520 | Q54: 300961062 | R54: 3 | S54: RAHIMJONOV SHUHRAT IBROHIM O‘G‘LI YULCHIYEV ABDUXAKIM ABDUVALI O‘G‘LI ERKINOV JASURBEK JAVLONBEK O‘G‘LI | T54: 52108066750046 31901920211241 51807048680025 | U54: 998999922622 | V54: Yuridik | W54: QQS | X54: VG343420021085 | AA54: Faol | AF54: 172.8 | AG54: 181 | AH54: 7.9 | AI54: 24 | AJ54: 0 | AK54: 0 | AL54: 0 | AM54: 0 | AN54: 0 | AO54: =+VLOOKUP(Q54,[1]умумий!$P$4:$EB$787,117,0) -> 0
A55: 45 | B55: Blok A | C55: 6-do'kon | D55: 10:10:40:01:01:0011/0012 | E55: Alimov Ulugbek Rustamovich | F55: 30809640040022 | G55: 951773373 | H55: PREMIUM PRIME SERVICE" MAS`ULIYATI CHEKLANGAN JAMIYATI | I55: 0 | J55: 1 | K55: 22 | L55: "BRAVO OFFICE" MCHJ | M55: 31208874320013 | N55: SADIKOV ALISHER ANVAROVICH | O55: 911553001 | Q55: 310947571 | R55: 1 | S55: SADIKOV ALISHER ANVAROVICH | T55: 31208874320013 | U55: 911553001 | V55: Yuridik | W55: QQS | X55: LG420211628678 | AA55: Faol | AF55: 116.9 | AG55: 64 | AH55: 13.7 | AI55: 4 | AJ55: 0 | AK55: 0 | AL55: 59 | AM55: 3925.203 | AN55: 0 | AO55: =+VLOOKUP(Q55,[1]умумий!$P$4:$EB$787,117,0) -> 0
A56: 46 | B56: Blok A | C56: 6-do'kon | D56: 10:10:40:01:01:0011/0012 | E56: Alimov Ulugbek Rustamovich | F56: 30809640040022 | G56: 951773373 | H56: PREMIUM PRIME SERVICE" MAS`ULIYATI CHEKLANGAN JAMIYATI | I56: 0 | J56: 1 | K56: 22 | L56: ASATOV SUNNATILLO ABDIKARIM O‘G‘LI | M56: 30109966590051 | N56: ASATOV SUNNATILLO ABDIKARIM O‘G‘LI | O56: 900000000 | P56: 30109966590051 | R56: 1 | S56: ASATOV SUNNATILLO ABDIKARIM O‘G‘LI | T56: 30109966590051 | U56: 900000000 | V56: YTT | W56: AOS | X56: VG544170014463 | AA56: Faol | AF56: 54.5 | AG56: 25 | AH56: 2.2 | AI56: 8 | AJ56: 0 | AK56: 0 | AL56: 0 | AM56: 0 | AN56: 0 | AO56: =+VLOOKUP(Q56,[1]умумий!$P$4:$EB$787,117,0) -> #N/A
A57: 47 | B57: Blok A | C57: 6-do'kon | D57: 10:10:40:01:01:0011/0012 | E57: Alimov Ulugbek Rustamovich | F57: 30809640040022 | G57: 951773373 | H57: PREMIUM PRIME SERVICE" MAS`ULIYATI CHEKLANGAN JAMIYATI | I57: 0 | J57: 1 | K57: 22 | L57: Ibatulin Ruslan Ramilevich | M57: 30810920222614 | N57: Ibatulin Ruslan Ramilevich | O57: +998909683368 | P57: 30810920222614 | R57: 3 | S57: MIRZAYEV O‘TKIRJON SALOXIDIN O‘G‘LI SAIDOV MIRVOXID UMIDJON O‘G‘LI MINIGALIYEV PETR YUREVICH | T57: 50207006590035 32806976590038 32412900241486 | U57: 998909683368 | V57: YTT | W57: QQS | X57: LG420211629143 | AA57: Faol | AF57: 188.1 | AG57: 139 | AH57: 39.9 | AI57: 34 | AJ57: 6 | AK57: 5 | AL57: 13 | AM57: 17.64 | AN57: 0 | AO57: =+VLOOKUP(Q57,[1]умумий!$P$4:$EB$787,117,0) -> #N/A
A58: 48 | B58: Blok A | C58: 6-do'kon | D58: 10:10:40:01:01:0011/0012 | E58: Alimov Ulugbek Rustamovich | F58: 30809640040022 | G58: 951773373 | H58: PREMIUM PRIME SERVICE" MAS`ULIYATI CHEKLANGAN JAMIYATI | I58: 0 | J58: 1 | K58: 22 | L58: Salixov Shuxrat Abdurazakovich | M58: 32001890310816 | N58: Salixov Shuxrat Abdurazakovich | O58: 977831779 | P58: 32001890310816 | R58: 1 | S58: Salixov Shuxrat Abdurazakovich | T58: 32001890310816 | U58: 977831779 | V58: YTT | W58: AOS | X58: 0 | AA58: Faol | AF58: 0 | AG58: 0 | AH58: 0 | AI58: 0 | AJ58: 0 | AK58: 0 | AL58: 6 | AM58: 10.07 | AN58: 0 | AO58: =+VLOOKUP(Q58,[1]умумий!$P$4:$EB$787,117,0) -> #N/A
A59: 49 | B59: Blok A | C59: 6-do'kon | D59: 10:10:40:01:01:0011/0012 | E59: Alimov Ulugbek Rustamovich | F59: 30809640040022 | G59: 951773373 | H59: PREMIUM PRIME SERVICE" MAS`ULIYATI CHEKLANGAN JAMIYATI | I59: 0 | J59: 1 | K59: 22 | L59: Atxamov Abdulloh Ravshan O'g'li | M59: 50104076500031 | N59: Atxamov Abdulloh Ravshan O'g'li | O59: +998935540445 | P59: 50104076500031 | R59: 2 | S59: Qobilov Aziz A’zamjon O‘g‘li Xasanov Axmad Maxmud O‘g‘li | T59: 30203850020023 32812940170043 | U59: 998830303 903230550 | V59: YTT | W59: AOS | X59: YZ231006018161 | AA59: Faol | AF59: 159.5 | AG59: 180 | AH59: 5.7 | AI59: 18 | AJ59: 0 | AK59: 0 | AL59: 0 | AM59: 0 | AN59: 0 | AO59: =+VLOOKUP(Q59,[1]умумий!$P$4:$EB$787,117,0) -> #N/A
A60: 50 | B60: Blok A | C60: 6-do'kon | D60: 10:10:40:01:01:0011/0012 | E60: Alimov Ulugbek Rustamovich | F60: 30809640040022 | G60: 951773373 | H60: PREMIUM PRIME SERVICE" MAS`ULIYATI CHEKLANGAN JAMIYATI | I60: 0 | J60: 1 | K60: 22 | L60: RAXIMOV MUHAMMADALI XOJIAKBAR O‘G‘LI | M60: 51906036590026 | N60: RAXIMOV MUHAMMADALI XOJIAKBAR O‘G‘LI | O60: 946666990 | P60: 51906036590026 | R60: 1 | S60: RAXIMOV MUHAMMADALI XOJIAKBAR O‘G‘LI | T60: 51906036590026 | U60: 946666990 | V60: YTT | W60: AOS | X60: VG343420013071 | AA60: Faol | AF60: 64.7 | AG60: 261 | AH60: 8 | AI60: 51 | AJ60: 1 | AK60: 6 | AL60: 0 | AM60: 0 | AN60: 0 | AO60: =+VLOOKUP(Q60,[1]умумий!$P$4:$EB$787,117,0) -> #N/A
A61: 51 | B61: Blok A | C61: 6-do'kon | D61: 10:10:40:01:01:0011/0012 | E61: Alimov Ulugbek Rustamovich | F61: 30809640040022 | G61: 951773373 | H61: PREMIUM PRIME SERVICE" MAS`ULIYATI CHEKLANGAN JAMIYATI | I61: 0 | J61: 1 | K61: 22 | L61: QOSIMOV AYUBXON ZOHID O‘G‘LI | M61: 52906036560028 | N61: QOSIMOV AYUBXON ZOHID O‘G‘LI | O61: 990868999 | P61: 52906036560028 | R61: 1 | S61: QOSIMOV AYUBXON ZOHID O‘G‘LI | T61: 52906036560028 | U61: 990868999 | V61: YTT | W61: AOS | X61: LG420211621187 | AA61: Faol | AF61: 54.2 | AG61: 222 | AH61: 7.3 | AI61: 40 | AJ61: 0.1 | AK61: 2 | AL61: 1 | AM61: 0.35 | AN61: 1 | AO61: =+VLOOKUP(Q61,[1]умумий!$P$4:$EB$787,117,0) -> #N/A
A62: 52 | B62: Blok A | C62: 7-do'kon | D62: 10:10:40:01:01:0011/0012 | E62: Alimov Ulugbek Rustamovich | F62: 30809640040022 | G62: 951773373 | H62: PREMIUM PRIME SERVICE" MAS`ULIYATI CHEKLANGAN JAMIYATI | I62: 180 | J62: 1 | K62: 45 | L62: ‘Exclusive Texnika Brends’ Mchj | M62: 30606830260015 | N62: Kushakov Baxtiyor Alisherovich | O62: 901872000 | Q62: 307516507 | R62: 22 | S62: Irismatov Ulugbek Asqaraliev Bekzod Yunusali O`Gli Ibragimov Doniyorjon Nabiev Shohzod Akramov Xojiakbar Odilov Shaxboz Yusupov Rustam Dolimov Raxmatjon Abduraximov Abduradhid Jalilov Ruslan Bekmuxamedov Fazliddin Abdurafikov Islom Raimov Islomjon Agzamov Suxbat Djumayeva Nasiba Madaminov Muxammad Abdusamigov Muhammadamin Berdiyev Shaxzod Salixov Rustam Asadov Mirzabek Salixov Ravshan Odilov Abror | T62: 30606830260015 32805920251553 30605900210930 31903986750014 31106920211217 32107950210064 30106900191873 32807986610040 31404930172099 31706915790017 50902026540012 32007910500016 30104986750016 32701900191609 42308860630015 52008076750066 52006056750112 31412936600012 30601950210089 52009035310028 32304886540021 30207996800057 | U62: 998920003 909993327 901210011 977202122 977544044 977784333 998889997 900153557 974610840 934385858 901555554 993060262 994848394 946898888 958462308 971572800 887955155 904007666 909721819 919214747 935309393 000000000 | V62: Yuridik | W62: AOS | X62: VG343420014030 | AA62: Faol | AF62: 424.1 | AG62: 282 | AH62: 27.5 | AI62: 111 | AJ62: 1.5 | AK62: 17 | AL62: 15 | AM62: 32.125771 | AN62: 0 | AO62: =+VLOOKUP(Q62,[1]умумий!$P$4:$EB$787,117,0) -> 0
A63: 53 | B63: Blok A | C63: 7-do'kon | D63: 10:10:40:01:01:0011/0012 | E63: Alimov Ulugbek Rustamovich | F63: 30809640040022 | G63: 951773373 | H63: PREMIUM PRIME SERVICE" MAS`ULIYATI CHEKLANGAN JAMIYATI | I63: 0 | J63: 1 | K63: 45 | L63: "Air System Expert" Mchj | M63: 30205830280050 | N63: Kim Valeriy Aleksandrovich | O63: 998983125655 | Q63: 309973302 | R63: 7 | S63: Kim Valeriy Aleksandrovich Akramova Nargiza Rustamovna Markosyan Ernest Levonovich Rikhsieva Ilmira Damirovna Yugay Yelizaveta Olegovna Axmedov Ilxam Radionovich Sultanova Zilola Xusanovna | T63: 30205830280050 41411820270015 32012860230065 41309780250032 42007836570013 30601900171374 41008890222091 | U63: 998323802 917773997 951031111 998700325 909051777 909742626 946103332 | V63: Yuridik | W63: QQS | X63: NA000000045083 | AA63: Faol | AF63: 1372.4 | AG63: 262 | AH63: 91.7 | AI63: 26 | AJ63: 0 | AK63: 0 | AL63: 99 | AM63: 2060.6206 | AN63: 0 | AO63: =+VLOOKUP(Q63,[1]умумий!$P$4:$EB$787,117,0) -> 0
A64: 54 | B64: Blok A | C64: 7-do'kon | D64: 10:10:40:01:01:0011/0012 | E64: Alimov Ulugbek Rustamovich | F64: 30809640040022 | G64: 951773373 | H64: PREMIUM PRIME SERVICE" MAS`ULIYATI CHEKLANGAN JAMIYATI | I64: 0 | J64: 1 | K64: 45 | L64: "Multibrend" Mchj | M64: 31909890261325 | N64: Aleyev Aleksey Alekseyevich | O64: 771159999 | Q64: 311057033 | R64: 8 | S64: Aleyev Aleksey Alekseyevich Karasyov Anatoliy Vitalevich Vitkovskaya Kseniya Vladimirovna Kudryashov Vladimir Aleksandrovich Solomatin Timofey Sirojiddinovich Shagiyev Marsel Ildarovich Mirzayev Azizbek Xikmatdjanovich Radjapov Rustam Iskandarovich | T64: 31909890261325 33110946610037 42109986520073 33012910270668 33101930171696 30901890261195 31905886580018 31603900171885 | U64: 771159999 901899000 909378551 977236516 955995951 909366393 909580300 977419730 | V64: Yuridik | W64: QQS | X64: VG343420009299 | AA64: Faol | AF64: 811.5 | AG64: 152 | AH64: 71.1 | AI64: 8 | AJ64: 0 | AK64: 0 | AL64: 1 | AM64: 12.434 | AN64: 0 | AO64: =+VLOOKUP(Q64,[1]умумий!$P$4:$EB$787,117,0) -> 0
A65: 55 | B65: Blok A | C65: 7-do'kon | D65: 10:10:40:01:01:0011/0012 | E65: Alimov Ulugbek Rustamovich | F65: 30809640040022 | G65: 951773373 | H65: PREMIUM PRIME SERVICE" MAS`ULIYATI CHEKLANGAN JAMIYATI | I65: 0 | K65: 45 | L65: BERDIYEV SHAXZOD ZOKIR O‘G‘LI | M65: 31412936600012 | N65: BERDIYEV SHAXZOD ZOKIR O‘G‘LI | O65: 989605241 | P65: 31412936600012 | R65: 1 | S65: BERDIYEV SHAXZOD ZOKIR O‘G‘LI | T65: 31412936600012 | U65: 989605241 | V65: YTT | W65: AOS | X65: 0 | AA65: Faol | AF65: 0 | AG65: 0 | AH65: 0 | AI65: 0 | AJ65: 0 | AK65: 0 | AL65: 0 | AM65: 0 | AN65: 0 | AO65: =+VLOOKUP(Q65,[1]умумий!$P$4:$EB$787,117,0) -> #N/A
A66: 56 | B66: Blok A | C66: 8-do'kon | D66: 10:10:40:01:01:0011/0012 | E66: Alimov Ulugbek Rustamovich | F66: 30809640040022 | G66: 951773373 | H66: PREMIUM PRIME SERVICE" MAS`ULIYATI CHEKLANGAN JAMIYATI | I66: 180 | J66: 1 | K66: 12 | L66: "Evropa Texnologi" Mchj | M66: 31708800190014 | N66: Raxmatullayev Shovkatilla Kudratullayevich | O66: 998171797 | Q66: 307868623 | R66: 23 | S66: Raxmatullaev Shovkatilla Kudratullaevich Abduvosikov Abdullo Abdujalil O‘g‘li Akbarov Shukurulla Xayrulla O‘g‘li Axmadaliev Mardonbek Faxriddin O‘g‘li Axmadaliev Muxamadali Anvarjon O‘g‘li Botirov Yaxyo Zafar O‘g‘li Daminov Javoxir Dilshod O‘g‘li Jumaev Rustam Shaxritdinovich Juraev Ilxomjon Muminjon O‘g‘li Zaripov Ruslan Rafikovich Karimov Ismoiljon Javlon O‘g‘li Karimov Xurshidjon Sobir O‘g‘li Mirsoatov Ilxomjon Ibroxim O‘g‘li Nabiev Ibroxim Sunnatullox O‘g‘li Raximov Asadbek Ravshanjon O‘g‘li Sadriddinov Usmonxuja Shaxobiddin O‘g‘li Safaev Zubayr Baxtiyor O‘g‘li Solixov Muxammadsolix Ikromjon O‘g‘li Sultonov Bekzod Dilshod O‘g‘li Toxirov Abdullox Sobirjon O‘g‘li Xasanov Afzun Olloyor O‘g‘li Ergashev Sayfiddin Sirojiddin O‘g‘li Erkinov Akmal Baxodir O‘g‘li | T66: 31708800190014 30907996610112 31402950190033 51508036610061 32611996540051 33008986750023 51806066610045 31808872340093 51108036610029 52208016560023 32009986540017 32904936610023 51305036500024 50201056610020 52508056540051 51905006540034 50612066610122 30409976610056 32903946540010 53009046540048 51402056540073 51101056540053 52507016540098 | U66: 946665596 977401234 903292722 881787271 980777171 998636969 990191045 991376767 977747758 946528484 998711333 970169999 907998566 997033223 951916161 959094545 981300121 990977979 900008050 930033279 947354818 955535554 998461111 | V66: Yuridik | W66: QQS | X66: UZ200715063795 | AA66: Faol | AF66: 1.5 | AG66: 1 | AH66: 0 | AI66: 0 | AJ66: 0 | AK66: 0 | AL66: 0 | AM66: 0 | AN66: 0 | AO66: =+VLOOKUP(Q66,[1]умумий!$P$4:$EB$787,117,0) -> 0
A67: 57 | B67: Blok A | C67: 8-do'kon | D67: 10:10:40:01:01:0011/0012 | E67: Alimov Ulugbek Rustamovich | F67: 30809640040022 | G67: 951773373 | H67: PREMIUM PRIME SERVICE" MAS`ULIYATI CHEKLANGAN JAMIYATI | I67: 0 | J67: 1 | K67: 12 | L67: Texno Taun Mchj | M67: 30308820201346 | N67: Ayrapetov Eduard Aleksandrovich | O67: 903554870 | Q67: 312776468 | R67: 1 | S67: Ayrapetov Eduard Aleksandrovich | T67: 30308820201346 | U67: 903554870 | V67: Yuridik | W67: AOS | X67: LG420211622956 | AA67: Faol | AF67: 0 | AG67: 0 | AH67: 0 | AI67: 0 | AJ67: 0 | AK67: 0 | AL67: 0 | AM67: 0 | AN67: 0 | AO67: =+VLOOKUP(Q67,[1]умумий!$P$4:$EB$787,117,0) -> 0
A68: 58 | B68: Blok A | C68: 8-do'kon | D68: 10:10:40:01:01:0011/0012 | E68: Alimov Ulugbek Rustamovich | F68: 30809640040022 | G68: 951773373 | H68: PREMIUM PRIME SERVICE" MAS`ULIYATI CHEKLANGAN JAMIYATI | I68: 0 | J68: 1 | K68: 12 | L68: "STELIX STORE" MCHJ | M68: 30907996610112 | N68: ABDUVOSIQOV ABDULLO ABDUJALIL O‘G‘LI | O68: 977401234 | Q68: 312812145 | R68: 1 | S68: ABDUVOSIQOV ABDULLO ABDUJALIL O‘G‘LI | T68: 30907996610112 | U68: 977401234 | V68: Yuridik | W68: AOS | X68: LG420211629233 | AA68: Faol | AF68: 243.9 | AG68: 25 | AH68: 62.6 | AI68: 6 | AJ68: 2 | AK68: 1 | AL68: 0 | AM68: 0 | AN68: 0 | AO68: =+VLOOKUP(Q68,[1]умумий!$P$4:$EB$787,117,0) -> 0
A69: 59 | B69: Blok A | C69: 8-do'kon | D69: 10:10:40:01:01:0011/0012 | E69: Alimov Ulugbek Rustamovich | F69: 30809640040022 | G69: 951773373 | H69: PREMIUM PRIME SERVICE" MAS`ULIYATI CHEKLANGAN JAMIYATI | I69: 0 | J69: 1 | K69: 12 | L69: Solihov Muhammadsolih Ikromjon O'g'li | M69: 30409976610056 | N69: Solihov Muhammadsolih Ikromjon O'g'li | O69: 990977979 | P69: 30409976610056 | R69: 1 | S69: Solihov Muhammadsolih Ikromjon O'g'li | T69: 30409976610056 | U69: 990977979 | V69: YTT | W69: AOS | X69: LG420211622199 | AA69: Faol | AF69: 252.5 | AG69: 166 | AH69: 35.9 | AI69: 21 | AJ69: 3.9 | AK69: 2 | AL69: 0 | AM69: 0 | AN69: 0 | AO69: =+VLOOKUP(Q69,[1]умумий!$P$4:$EB$787,117,0) -> #N/A
A70: 60 | B70: Blok A | C70: 8-do'kon | D70: 10:10:40:01:01:0011/0012 | E70: Alimov Ulugbek Rustamovich | F70: 30809640040022 | G70: 951773373 | H70: PREMIUM PRIME SERVICE" MAS`ULIYATI CHEKLANGAN JAMIYATI | I70: 0 | J70: 1 | K70: 12 | L70: Ravshanov Javohir Mirzo Djasurbek O'g'li | M70: 30409986780039 | N70: Ravshanov Javohir Mirzo Djasurbek O'g'li | O70: +998884413333 | P70: 30409986780039 | R70: 3 | S70: AKBAROV SHUKURULLA XAYRULLA O‘G‘LI ZAKIROV XASAN FARXOD O‘G‘LI MIRSOATOV ILHOMJON IBROHIM O‘G‘LI | T70: 31402950190033 51112036600038 51305036500024 | U70: 998884413333 | V70: YTT | W70: AOS | X70: LG420211622107 | AA70: Faol | AF70: 203.8 | AG70: 106 | AH70: 11.6 | AI70: 4 | AJ70: 0 | AK70: 0 | AL70: 1 | AM70: 0.1 | AN70: 1 | AO70: =+VLOOKUP(Q70,[1]умумий!$P$4:$EB$787,117,0) -> #N/A
A71: 61 | B71: Blok A | C71: 8-do'kon | D71: 10:10:40:01:01:0011/0012 | E71: Alimov Ulugbek Rustamovich | F71: 30809640040022 | G71: 951773373 | H71: PREMIUM PRIME SERVICE" MAS`ULIYATI CHEKLANGAN JAMIYATI | I71: 0 | J71: 1 | K71: 12 | L71: Abduvosiqov Abdullo Abdujalil O'g'li | M71: 30907996610112 | N71: Abduvosiqov Abdullo Abdujalil O'g'li | O71: 977401234 | P71: 30907996610112 | R71: 1 | S71: Abduvosiqov Abdullo Abdujalil O'g'li | T71: 30907996610112 | U71: 977401234 | V71: YTT | W71: AOS | X71: LG420211622200 | AA71: Faol | AF71: 9.4 | AG71: 16 | AH71: 0 | AI71: 0 | AJ71: 0 | AK71: 0 | AL71: 0 | AM71: 0 | AN71: 0 | AO71: =+VLOOKUP(Q71,[1]умумий!$P$4:$EB$787,117,0) -> #N/A
A72: 62 | B72: Blok A | C72: 8-do'kon | D72: 10:10:40:01:01:0011/0012 | E72: Alimov Ulugbek Rustamovich | F72: 30809640040022 | G72: 951773373 | H72: PREMIUM PRIME SERVICE" MAS`ULIYATI CHEKLANGAN JAMIYATI | I72: 0 | J72: 1 | K72: 12 | L72: Karimov A’zamjon Madaminjon O'g'li | M72: 31403986520016 | N72: Karimov A’zamjon Madaminjon O'g'li | O72: +998900015593 | P72: 31403986520016 | R72: 2 | S72: ABDURASHITXOJIYEV ABDULLOX ABDUMALIK O‘G‘LI ALIMJONOV SIROJIDDIN BAXTIYOR O‘G‘LI | T72: 946684768 | U72: 998909309666 | V72: YTT | W72: AOS | X72: LG420211622127 | AA72: Faol | AF72: 38.1 | AG72: 97 | AH72: 1.9 | AI72: 11 | AJ72: 0 | AK72: 0 | AL72: 8 | AM72: 6.14 | AN72: 1 | AO72: =+VLOOKUP(Q72,[1]умумий!$P$4:$EB$787,117,0) -> #N/A
A73: 63 | B73: Blok A | C73: 8-do'kon | D73: 10:10:40:01:01:0011/0012 | E73: Alimov Ulugbek Rustamovich | F73: 30809640040022 | G73: 951773373 | H73: PREMIUM PRIME SERVICE" MAS`ULIYATI CHEKLANGAN JAMIYATI | I73: 0 | J73: 1 | K73: 12 | L73: RAMAZANOV JORABEK | M73: 32305936520019 | N73: RAMAZANOV JORABEK | O73: 946684768 | P73: 32305936520019 | R73: 1 | S73: RAMAZANOV JORABEK | T73: 32305936520019 | U73: 946684768 | V73: YTT | W73: AOS | X73: 0 | AA73: Faol | AF73: 0 | AG73: 0 | AH73: 0 | AI73: 0 | AJ73: 0 | AK73: 0 | AL73: 0 | AM73: 0 | AN73: 0 | AO73: =+VLOOKUP(Q73,[1]умумий!$P$4:$EB$787,117,0) -> #N/A
A74: 64 | B74: Blok A | C74: 8-do'kon | D74: 10:10:40:01:01:0011/0012 | E74: Alimov Ulugbek Rustamovich | F74: 30809640040022 | G74: 951773373 | H74: PREMIUM PRIME SERVICE" MAS`ULIYATI CHEKLANGAN JAMIYATI | I74: 0 | J74: 1 | K74: 12 | L74: Normaxmatov Mansurjon Bahodir O'g'li | M74: 32502942530076 | N74: Normaxmatov Mansurjon Bahodir O'g'li | O74: +998909994442 | P74: 32502942530076 | R74: 5 | S74: SULTONOV ABDUSAMAD DAVRON O‘G‘LI ZARIPOV RUSLAN RAFIKOVICH ABDULLAYEV ABDUVORIS ABDUXAKIM O‘G‘LI TOSHMUXAMEDOV SUNNATILLA DONIYOR O'G'LI ABDUSADIKOV ABDUAZIZ SHOKIR O‘G‘LI | T74: 52811026560015 52208016560023 31505976560045 52706046610036 31809966560043 | U74: 998909994442 | V74: YTT | W74: AOS | X74: LG420211622128 | AA74: Faol | AF74: 240.8 | AG74: 148 | AH74: 58.2 | AI74: 18 | AJ74: 0 | AK74: 0 | AL74: 0 | AM74: 0 | AN74: 0 | AO74: =+VLOOKUP(Q74,[1]умумий!$P$4:$EB$787,117,0) -> #N/A
A75: 65 | B75: Blok A | C75: 8-do'kon | D75: 10:10:40:01:01:0011/0012 | E75: Alimov Ulugbek Rustamovich | F75: 30809640040022 | G75: 951773373 | H75: PREMIUM PRIME SERVICE" MAS`ULIYATI CHEKLANGAN JAMIYATI | I75: 0 | J75: 1 | K75: 12 | L75: Ahmadaliyev Muhammadali Anvarjon O'g'li | M75: 32611996540051 | N75: Ahmadaliyev Muhammadali Anvarjon O'g'li | O75: +998907997878 | P75: 32611996540051 | R75: 5 | S75: BOTIROV YAHYO ZAFAR O‘G‘LI ERGASHEV XOJIAKBAR XOTAM O‘G‘LI NABIYEV IBROXIM SUNNATILLOX O‘G‘LI A’ZAMXO‘JAYEV SHOHRUHXON UMIDXO‘JA O‘G‘LI ABDUVOSIQOV ABDURASHID ABDUQODIR O‘G‘LI | T75: 33008986750023 30102986540042 50201056610020 30406998660021 33008976610041 | U75: 998907997878 | V75: YTT | W75: AOS | X75: LG420211622198 | AA75: Faol | AF75: 327.2 | AG75: 175 | AH75: 92.7 | AI75: 35 | AJ75: 0 | AK75: 0 | AL75: 15 | AM75: 25.09 | AN75: 0 | AO75: =+VLOOKUP(Q75,[1]умумий!$P$4:$EB$787,117,0) -> #N/A
A76: 66 | B76: Blok A | C76: 8-do'kon | D76: 10:10:40:01:01:0011/0012 | E76: Alimov Ulugbek Rustamovich | F76: 30809640040022 | G76: 951773373 | H76: PREMIUM PRIME SERVICE" MAS`ULIYATI CHEKLANGAN JAMIYATI | I76: 0 | J76: 1 | K76: 12 | L76: Sultonov Bekzod Dilshod O'g'li | M76: 32903946540010 | N76: Sultonov Bekzod Dilshod O'g'li | O76: +998900008050 | P76: 32903946540010 | R76: 3 | S76: ABDURAXIMOV AZIZ PULATJANOVICH JUMAYEV RUSTAM SHAXRITDINOVICH XASANOV AFZUN OLLOYOR O‘G‘LI | T76: 31108860210046 31808872340093 51402056540073 | U76: 998900008050 | V76: YTT | W76: AOS | X76: LG420211622126 | AA76: Faol | AF76: 85.4 | AG76: 63 | AH76: 1.5 | AI76: 3 | AJ76: 0 | AK76: 0 | AL76: 1 | AM76: 2.53 | AN76: 0 | AO76: =+VLOOKUP(Q76,[1]умумий!$P$4:$EB$787,117,0) -> #N/A
A77: 67 | B77: Blok A | C77: 8-do'kon | D77: 10:10:40:01:01:0011/0012 | E77: Alimov Ulugbek Rustamovich | F77: 30809640040022 | G77: 951773373 | H77: PREMIUM PRIME SERVICE" MAS`ULIYATI CHEKLANGAN JAMIYATI | I77: 0 | J77: 1 | K77: 12 | L77: Axmadaliyev Mardonbek Faxriddin O'g'li | M77: 51508036610061 | N77: Axmadaliyev Mardonbek Faxriddin O'g'li | O77: +998881787271 | P77: 51508036610061 | R77: 5 | S77: QO‘LDASHALIYEV JASURBEK DAVRONBEK O‘G‘LI ABDULLAJONOV FAYZULLA SAYDULLA O‘G‘LI MOVLONOV SAIDAXMAD SAMARIDDIN O‘G‘LI QAXRAMONOV JALOLIDDIN JAMOLIDDIN O‘G‘LI ERGASHEV SAYFIDDIN SIROJIDDIN O‘G‘LI | T77: 51306035990014 53007016670043 50603056610044 50511036540057 51101056540053 | U77: 998770837272 | V77: YTT | W77: AOS | X77: LG420211622166 | AA77: Faol | AF77: 124.3 | AG77: 40 | AH77: 12.7 | AI77: 3 | AJ77: 0 | AK77: 0 | AL77: 0 | AM77: 0 | AN77: 0 | AO77: =+VLOOKUP(Q77,[1]умумий!$P$4:$EB$787,117,0) -> #N/A
A78: 68 | B78: Blok A | C78: 8-do'kon | D78: 10:10:40:01:01:0011/0012 | E78: Alimov Ulugbek Rustamovich | F78: 30809640040022 | G78: 951773373 | H78: PREMIUM PRIME SERVICE" MAS`ULIYATI CHEKLANGAN JAMIYATI | I78: 0 | J78: 1 | K78: 12 | L78: Sadriddinov Usmonxo‘Ja Shaxobiddin O'g'li | M78: 51905006540034 | N78: Sadriddinov Usmonxo‘Ja Shaxobiddin O'g'li | O78: +998959094545 | P78: 51905006540034 | R78: 5 | S78: KARIMOV ISMOILJON JAVLON O‘G‘LI KO‘PALBOYEV AZIZBEK NURMAT O‘G‘LI JO‘RAYEV ILXOMJON MO‘MINJON O‘G‘LI SAFAYEV ZUBAYR BAXTIYOR O‘G‘LI RAXMATILLAYEV XOJIAKBAR QUDRATILLA O‘G‘LI | T78: 32009986540017 50109037150056 51108036610029 50612066610122 50601056540101 | U78: 998770837272 | V78: YTT | W78: AOS | X78: LG420211622197 | AA78: Faol | AF78: 131 | AG78: 37 | AH78: 10.9 | AI78: 3 | AJ78: 0 | AK78: 0 | AL78: 0 | AM78: 0 | AN78: 0 | AO78: =+VLOOKUP(Q78,[1]умумий!$P$4:$EB$787,117,0) -> #N/A
A79: 69 | B79: Blok A | C79: 8-do'kon | D79: 10:10:40:01:01:0011/0012 | E79: Alimov Ulugbek Rustamovich | F79: 30809640040022 | G79: 951773373 | H79: PREMIUM PRIME SERVICE" MAS`ULIYATI CHEKLANGAN JAMIYATI | I79: 0 | J79: 1 | K79: 12 | L79: Erkinov Akmal Bahodir O'g'li | M79: 52507016540098 | N79: Erkinov Akmal Bahodir O'g'li | O79: +998998461111 | P79: 52507016540098 | R79: 2 | S79: GAZIYEV ABDULLO NORMAT O‘G‘LI XAMIDJONOV ABDULAZIZ ALISHER O‘G‘LI | T79: 50312036500036 52903016610076 | U79: 998908052003 | V79: YTT | W79: AOS | X79: LG420211622955 | AA79: Faol | AF79: 151.8 | AG79: 76 | AH79: 12.3 | AI79: 13 | AJ79: 0.2 | AK79: 1 | AL79: 1 | AM79: 2.33 | AN79: 0 | AO79: =+VLOOKUP(Q79,[1]умумий!$P$4:$EB$787,117,0) -> #N/A
A80: 70 | B80: Blok A | C80: 8-do'kon | D80: 10:10:40:01:01:0011/0012 | E80: Alimov Ulugbek Rustamovich | F80: 30809640040022 | G80: 951773373 | H80: PREMIUM PRIME SERVICE" MAS`ULIYATI CHEKLANGAN JAMIYATI | I80: 0 | J80: 1 | K80: 12 | L80: Tohirov Abdulloh Sobirjon O'g'li | M80: 53009046540048 | N80: Tohirov Abdulloh Sobirjon O'g'li | O80: +998770837272 | P80: 53009046540048 | R80: 5 | S80: MUMINOV ABDURAZZOQ ABDUMANNAPOVICH DAMINOV JAVOXIR DILSHOD O‘G‘LI XOLXO‘JAYEV ANVARXO‘JA AXMAD O‘G‘LI ERKINOV DAVRONJON AKROM O‘G‘LI MAXMUDOV ILXOM MUXIDDIN O‘G‘LI | T80: 30704976610023 51806066610045 51506036820026 50904036610046 52206076610070 | U80: 998770837272 | V80: YTT | W80: AOS | X80: LG420211622196 | AA80: Faol | AF80: 119.9 | AG80: 42 | AH80: 0.5 | AI80: 1 | AJ80: 0 | AK80: 0 | AL80: 0 | AM80: 0 | AN80: 0 | AO80: =+VLOOKUP(Q80,[1]умумий!$P$4:$EB$787,117,0) -> #N/A
A81: 71 | B81: Blok A | C81: 9-do'kon | D81: 10:10:40:01:01:0011/0012 | E81: Alimov Ulugbek Rustamovich | F81: 30809640040022 | G81: 951773373 | H81: PREMIUM PRIME SERVICE" MAS`ULIYATI CHEKLANGAN JAMIYATI | I81: 180 | J81: 1 | K81: 12 | L81: ‘It Smarthome’ Mchj | M81: 30805880760069 | N81: Najimiddinov Kamoliddin Djalolitdinovich | O81: 998930858 | Q81: 308323690 | R81: 6 | S81: Najimiddinov Kamoliddin Djalolitdinovich Turaxanov Alisher Baxtiyorovich Xakimov Shavkatjon Sobir O‘g‘li Anvarov Isroil Ibroxim O‘g‘li Karimov Sherzod Saydasrol O‘g‘li Zaporojets Vasiliy Vitalevich | T81: 30805880760069 30808886610022 31407930211621 32606996500044 31409920171931 31012860230055 | U81: 996936545 935153780 935275000 998930858 998184118 998930858 | V81: Yuridik | W81: QQS | X81: YZ231006048073 | AA81: Faol | AF81: 211.9 | AG81: 353 | AH81: 11.8 | AI81: 31 | AJ81: 0.8 | AK81: 4 | AL81: 18 | AM81: 78.194236 | AN81: 0 | AO81: =+VLOOKUP(Q81,[1]умумий!$P$4:$EB$787,117,0) -> 0
A82: 72 | B82: Blok A | C82: 9-do'kon | D82: 10:10:40:01:01:0011/0012 | E82: Alimov Ulugbek Rustamovich | F82: 30809640040022 | G82: 951773373 | H82: PREMIUM PRIME SERVICE" MAS`ULIYATI CHEKLANGAN JAMIYATI | I82: 0 | J82: 1 | K82: 12 | L82: "Z0rsh0p" Xk | M82: 30101996600018 | N82: Shodmonxodjayev Xojiakbar Xojimurod O'g'li | O82: 935717112 | Q82: 308976583 | R82: 6 | S82: Shodmonxodjayev Xojiakbar Xojimurod O‘g‘li Urazmetova Shahzoda Ilhom Qizi Sadikova Rushana Raximdjanovna Sabirbayev Alisher Jarilkaganovich Sultanov Oybek Abdudjalilovich Sultanova Gulsara Jarilkaganovna | T82: 30101996600018 62811037170022 41510890191599 30205860190040 30501900251534 41002840192274 | U82: 330312122 909958600 957974579 990535003 999964420 971996006 | V82: Yuridik | W82: AOS | X82: 0 | AA82: Faol | AF82: 0 | AG82: 0 | AH82: 0 | AI82: 0 | AJ82: 0 | AK82: 0 | AL82: 0 | AM82: 0 | AN82: 0 | AO82: =+VLOOKUP(Q82,[1]умумий!$P$4:$EB$787,117,0) -> 0
A83: 73 | B83: Blok A | C83: 9-do'kon | D83: 10:10:40:01:01:0011/0012 | E83: Alimov Ulugbek Rustamovich | F83: 30809640040022 | G83: 951773373 | H83: PREMIUM PRIME SERVICE" MAS`ULIYATI CHEKLANGAN JAMIYATI | I83: 0 | J83: 1 | K83: 12 | L83: Xasanov Ma’rufxo‘Ja Shuxrat O'g'li | M83: 30805950170077 | N83: Xasanov Ma’rufxo‘Ja Shuxrat O'g'li | O83: 974482232 | P83: 30805950170077 | R83: 1 | S83: Xasanov Ma’rufxo‘Ja Shuxrat O'g'li | T83: 30805950170077 | U83: 974482232 | V83: YTT | W83: AOS | X83: LG420211607174 | AA83: Faol | AF83: 220.8 | AG83: 193 | AH83: 14.7 | AI83: 27 | AJ83: 0 | AK83: 0 | AL83: 3 | AM83: 4.28 | AN83: 0 | AO83: =+VLOOKUP(Q83,[1]умумий!$P$4:$EB$787,117,0) -> #N/A
A84: 74 | B84: Blok A | C84: 9-do'kon | D84: 10:10:40:01:01:0011/0012 | E84: Alimov Ulugbek Rustamovich | F84: 30809640040022 | G84: 951773373 | H84: PREMIUM PRIME SERVICE" MAS`ULIYATI CHEKLANGAN JAMIYATI | I84: 0 | J84: 1 | K84: 12 | L84: TURAXANOV ALISHER BAXTIYOROVICH | M84: 30808886610022 | N84: TURAXANOV ALISHER BAXTIYOROVICH | O84: 935153780 | P84: 30808886610022 | R84: 1 | S84: TURAXANOV ALISHER BAXTIYOROVICH | T84: 30808886610022 | U84: 935153780 | V84: YTT | W84: AOS | X84: 0 | AA84: Faol | AF84: 0 | AG84: 0 | AH84: 0 | AI84: 0 | AJ84: 0 | AK84: 0 | AL84: 0 | AM84: 0 | AN84: 0 | AO84: =+VLOOKUP(Q84,[1]умумий!$P$4:$EB$787,117,0) -> #N/A
A85: 75 | B85: Blok A | C85: 9-do'kon | D85: 10:10:40:01:01:0011/0012 | E85: Alimov Ulugbek Rustamovich | F85: 30809640040022 | G85: 951773373 | H85: PREMIUM PRIME SERVICE" MAS`ULIYATI CHEKLANGAN JAMIYATI | I85: 0 | J85: 1 | K85: 12 | L85: ZAPOROJETS VASILIY VITALEVICH | M85: 31012860230055 | N85: ZAPOROJETS VASILIY VITALEVICH | O85: 998930858 | P85: 31012860230055 | R85: 1 | S85: ZAPOROJETS VASILIY VITALEVICH | T85: 31012860230055 | U85: 998930858 | V85: YTT | W85: AOS | X85: LG420211609140 | AA85: Faol | AF85: 159.4 | AG85: 66 | AH85: 56.5 | AI85: 21 | AJ85: 7.4 | AK85: 1 | AL85: 0 | AM85: 0 | AN85: 0 | AO85: =+VLOOKUP(Q85,[1]умумий!$P$4:$EB$787,117,0) -> #N/A
A86: 740 | B86: Blok A | C86: 9-do'kon | D86: 10:10:40:01:01:0011/0012 | E86: Alimov Ulugbek Rustamovich | F86: 30809640040022 | G86: 951773373 | H86: PREMIUM PRIME SERVICE" MAS`ULIYATI CHEKLANGAN JAMIYATI | I86: 0 | J86: 1 | K86: 12 | L86: YAKIPOVA DILAFRUZ SEYDABULLA KIZI | M86: 62410027300014 | N86: YAKIPOVA DILAFRUZ SEYDABULLA KIZI | P86: 62410027300014 | R86: 1 | S86: YAKIPOVA DILAFRUZ SEYDABULLA KIZI | T86: 62410027300014 | V86: YTT | W86: AOS | X86: LG420211632150 | AF86: 121.1 | AG86: 35 | AH86: 28.2 | AI86: 8 | AJ86: 0.3 | AK86: 1 | AL86: 0 | AM86: 0 | AN86: 0 | AO86: =+VLOOKUP(Q86,[1]умумий!$P$4:$EB$787,117,0) -> #N/A
A87: 76 | B87: Blok A | C87: 9-do'kon | D87: 10:10:40:01:01:0011/0012 | E87: Alimov Ulugbek Rustamovich | F87: 30809640040022 | G87: 951773373 | H87: PREMIUM PRIME SERVICE" MAS`ULIYATI CHEKLANGAN JAMIYATI | I87: 0 | J87: 1 | K87: 12 | L87: Temirov Jamshid Xusnitdinovich | M87: 31701890241231 | N87: Temirov Jamshid Xusnitdinovich | O87: 953101177 | P87: 31701890241231 | R87: 1 | S87: Temirov Jamshid Xusnitdinovich | T87: 31701890241231 | U87: 953101177 | V87: YTT | W87: QQS | X87: LG420211628483 | AA87: Faol | AF87: 81.9 | AG87: 66 | AH87: 9.7 | AI87: 8 | AJ87: 0 | AK87: 0 | AL87: 0 | AM87: 0 | AN87: 0 | AO87: =+VLOOKUP(Q87,[1]умумий!$P$4:$EB$787,117,0) -> #N/A
A88: 77 | B88: Blok A | C88: 9-do'kon | D88: 10:10:40:01:01:0011/0012 | E88: Alimov Ulugbek Rustamovich | F88: 30809640040022 | G88: 951773373 | H88: PREMIUM PRIME SERVICE" MAS`ULIYATI CHEKLANGAN JAMIYATI | I88: 0 | J88: 1 | K88: 12 | L88: Yoqubjonov Boburjon Ma’murjon O'g'li | M88: 32010920232107 | N88: Yoqubjonov Boburjon Ma’murjon O'g'li | O88: +998903475552 | P88: 32010920232107 | R88: 2 | S88: Axmedov Dilmurod Baxrom O‘g‘li G‘Iyosov Mirahror Mirazim O‘g‘li | T88: 51110026610056 52311026610047 | U88: 977633335 990000538 | V88: YTT | W88: AOS | X88: LG420211622327 | AA88: Faol | AF88: 75.6 | AG88: 67 | AH88: 47.3 | AI88: 16 | AJ88: 5.5 | AK88: 1 | AL88: 8 | AM88: 8.54 | AN88: 4 | AO88: =+VLOOKUP(Q88,[1]умумий!$P$4:$EB$787,117,0) -> #N/A
A89: 78 | B89: Blok A | C89: 9-do'kon | D89: 10:10:40:01:01:0011/0012 | E89: Alimov Ulugbek Rustamovich | F89: 30809640040022 | G89: 951773373 | H89: PREMIUM PRIME SERVICE" MAS`ULIYATI CHEKLANGAN JAMIYATI | I89: 0 | J89: 1 | K89: 12 | L89: Tulaganov Shuxrat Gayrat O'g'li | M89: 32712900210757 | N89: Tulaganov Shuxrat Gayrat O'g'li | O89: 998339008 | P89: 32712900210757 | R89: 1 | S89: Farxodov Shohruhxon Sherzod O'g'li | T89: 52701076560050 | U89: 930918434 | V89: YTT | W89: QQS | X89: VG343420009695 | AA89: Faol | AF89: 286.5 | AG89: 579 | AH89: 21.7 | AI89: 51 | AJ89: 0.6 | AK89: 2 | AL89: 34 | AM89: 404.68985 | AN89: 1 | AO89: =+VLOOKUP(Q89,[1]умумий!$P$4:$EB$787,117,0) -> #N/A
A90: 79 | B90: Blok A | C90: 9-do'kon | D90: 10:10:40:01:01:0011/0012 | E90: Alimov Ulugbek Rustamovich | F90: 30809640040022 | G90: 951773373 | H90: PREMIUM PRIME SERVICE" MAS`ULIYATI CHEKLANGAN JAMIYATI | I90: 0 | J90: 1 | K90: 12 | L90: Ortiqov Samandar Xabibullayevich | M90: 51005036300012 | N90: Ortiqov Samandar Xabibullayevich | O90: 771668800 | P90: 51005036300012 | R90: 1 | S90: Ortiqov Samandar Xabibullayevich | T90: 51005036300012 | U90: 771668800 | V90: YTT | W90: QQS | X90: LG420211630795 | AA90: Faol | AF90: 0 | AG90: 0 | AH90: 0 | AI90: 0 | AJ90: 0 | AK90: 0 | AL90: 0 | AM90: 0 | AN90: 0 | AO90: =+VLOOKUP(Q90,[1]умумий!$P$4:$EB$787,117,0) -> #N/A
A91: 80 | B91: Blok A | C91: 9-do'kon | D91: 10:10:40:01:01:0011/0012 | E91: Alimov Ulugbek Rustamovich | F91: 30809640040022 | G91: 951773373 | H91: PREMIUM PRIME SERVICE" MAS`ULIYATI CHEKLANGAN JAMIYATI | I91: 0 | J91: 1 | K91: 12 | L91: Bahodirov Bobir Bahodir O'g'li | M91: 51307016750030 | N91: Bahodirov Bobir Bahodir O'g'li | O91: 337617771 | P91: 51307016750030 | R91: 1 | S91: Bahodirov Bobir Bahodir O'g'li | T91: 51307016750030 | U91: 337617771 | V91: YTT | W91: AOS | X91: LG420211628479 | AA91: Faol | AF91: 26.3 | AG91: 18 | AH91: 4.6 | AI91: 3 | AJ91: 0 | AK91: 0 | AL91: 0 | AM91: 0 | AN91: 0 | AO91: =+VLOOKUP(Q91,[1]умумий!$P$4:$EB$787,117,0) -> #N/A
A92: 81 | B92: Blok A | C92: 9-do'kon | D92: 10:10:40:01:01:0011/0012 | E92: Alimov Ulugbek Rustamovich | F92: 30809640040022 | G92: 951773373 | H92: PREMIUM PRIME SERVICE" MAS`ULIYATI CHEKLANGAN JAMIYATI | I92: 0 | J92: 1 | K92: 12 | L92: Sunataliev Sunnatullox Baxrom O'g'li | M92: 51807046780037 | N92: Sunataliev Sunnatullox Baxrom O'g'li | O92: 998930858 | P92: 51807046780037 | R92: 1 | S92: ABDULLAYEV SANJARBEK SHUHRAT O‘G‘LI | T92: 51502046600032 | U92: 998990000000 | V92: YTT | W92: AOS | X92: LG420211631417 | AA92: Faol | AF92: 0 | AG92: 0 | AH92: 0 | AI92: 0 | AJ92: 0 | AK92: 0 | AL92: 0 | AM92: 0 | AN92: 0 | AO92: =+VLOOKUP(Q92,[1]умумий!$P$4:$EB$787,117,0) -> #N/A
A93: 82 | B93: Blok A | C93: 9-do'kon | D93: 10:10:40:01:01:0011/0012 | E93: Alimov Ulugbek Rustamovich | F93: 30809640040022 | G93: 951773373 | H93: PREMIUM PRIME SERVICE" MAS`ULIYATI CHEKLANGAN JAMIYATI | I93: 0 | J93: 1 | K93: 12 | L93: "Fuad Fidan" Mchj | M93: 32805860250052 | N93: Bayramov Tural Xagani-Ogli | O93: 974228844 | Q93: 307480704 | R93: 3 | S93: Bayramov Tural Xagani-O’g’li Bayramov Reshad Xagani O’g’li Sayranbayev Baxtiyar Jamilovich | T93: 32805860250052 30605910251750 31704870280022 | U93: 974228844 903572527 909044577 | V93: Yuridik | W93: AOS | X93: UZ210317220836 | AA93: Faol | AF93: 154.5 | AG93: 49 | AH93: 21.1 | AI93: 6 | AJ93: 4.5 | AK93: 1 | AL93: 0 | AM93: 0 | AN93: 0 | AO93: =+VLOOKUP(Q93,[1]умумий!$P$4:$EB$787,117,0) -> 0
A94: 83 | B94: Blok A | C94: 9-do'kon | D94: 10:10:40:01:01:0011/0012 | E94: Alimov Ulugbek Rustamovich | F94: 30809640040022 | G94: 951773373 | H94: PREMIUM PRIME SERVICE" MAS`ULIYATI CHEKLANGAN JAMIYATI | I94: 0 | J94: 1 | K94: 12 | L94: Faxriddinov Nizomiddin Ziyovuddin O'g'li | M94: 52305066540026 | N94: Faxriddinov Nizomiddin Ziyovuddin O'g'li | O94: 930451233 | P94: 52305066540026 | R94: 1 | S94: Faxriddinov Nizomiddin Ziyovuddin O'g'li | T94: 52305066540026 | U94: 930451233 | V94: YTT | W94: AOS | X94: LG420211607173 | AA94: Faol | AF94: 115.7 | AG94: 167 | AH94: 0.2 | AI94: 3 | AJ94: 0 | AK94: 0 | AL94: 6 | AM94: 4.85 | AN94: 0 | AO94: =+VLOOKUP(Q94,[1]умумий!$P$4:$EB$787,117,0) -> #N/A
A95: 84 | B95: Blok A | C95: 10-do'kon | D95: 10:10:40:01:01:0011/0012 | E95: Alimov Ulugbek Rustamovich | F95: 30809640040022 | G95: 951773373 | H95: PREMIUM PRIME SERVICE" MAS`ULIYATI CHEKLANGAN JAMIYATI | I95: 180 | J95: 1 | K95: 20 | L95: ‘Gold Aja Brand’ Mchj | M95: 31008966540055 | N95: Abdujalilov Javlon Akrom O'g'li | O95: 998998994346 | Q95: 306815523 | R95: 2 | S95: Abdujalilov Javlon Akrom O'g'li Umarov Nurullo Abduxamidovich | T95: 31008966540055 31311890210780 | U95: 909961100 990019009 | V95: Yuridik | W95: QQS | X95: YZ231006019218 | AA95: Faol | AF95: 440.4 | AG95: 140 | AH95: 47.8 | AI95: 14 | AJ95: 0 | AK95: 0 | AL95: 6 | AM95: 45 | AN95: 0 | AO95: =+VLOOKUP(Q95,[1]умумий!$P$4:$EB$787,117,0) -> 0
A96: 85 | B96: Blok A | C96: 10-do'kon | D96: 10:10:40:01:01:0011/0012 | E96: Alimov Ulugbek Rustamovich | F96: 30809640040022 | I96: 0 | J96: 1 | K96: 20 | L96: "Aple Solutions Team" Mchj | M96: 32802944250083 | N96: Raxmonov Jaxongir Akmaljon O'g'li | O96: 998903530099 | Q96: 312440024 | R96: 1 | S96: Raxmonov Jaxongir Akmaljon O'g'li | T96: 32802944250083 | U96: 909961100 990019009 | V96: Yuridik | W96: QQS | X96: LG420211602398 | AF96: 264.2 | AG96: 77 | AH96: 13.9 | AI96: 4 | AJ96: 0 | AK96: 0 | AL96: 0 | AM96: 0 | AN96: 0 | AO96: =+VLOOKUP(Q96,[1]умумий!$P$4:$EB$787,117,0) -> 0
A97: 86 | B97: Blok A | C97: 10-do'kon | D97: 10:10:40:01:01:0011/0012 | E97: Alimov Ulugbek Rustamovich | F97: 30809640040022 | I97: 0 | J97: 1 | K97: 20 | L97: "Aple Solutions Team" Mchj | M97: 32802944250083 | N97: Raxmonov Jaxongir Akmaljon O'g'li | O97: 998903530099 | Q97: 312440024 | R97: 0 | U97: 0 | V97: Yuridik | W97: QQS | X97: LG420211628788 | AF97: 222.1 | AG97: 78 | AH97: 36.8 | AI97: 12 | AJ97: 0 | AK97: 0 | AL97: 0 | AM97: 0 | AN97: 0 | AO97: =+VLOOKUP(Q97,[1]умумий!$P$4:$EB$787,117,0) -> 0
A98: 87 | B98: Blok A | C98: 10-do'kon | D98: 10:10:40:01:01:0011/0012 | E98: Alimov Ulugbek Rustamovich | F98: 30809640040022 | G98: 951773373 | H98: PREMIUM PRIME SERVICE" MAS`ULIYATI CHEKLANGAN JAMIYATI | I98: 0 | J98: 1 | K98: 20 | L98: "Aple Solutions Team" Mchj | M98: 32802944250083 | N98: Raxmonov Jaxongir Akmaljon O'g'li | O98: 998903530099 | Q98: 312440024 | R98: 11 | S98: Abdulazizov Abdurashid Maxamatzokir O‘g‘li Alisherov Abdulloh Xamdam O‘g‘li Azimov Muhammadjon Ibrohimjon O‘g‘li Murodov Ibroxim Baxrom O‘g‘li Raxmonov Jaxongir Akmaljon O‘g‘li Saitnazarov Abrorbek Xudayor O‘g‘li Shavkatov Yusufjon Rahimjon O‘g‘li Solihov Abdulloh Ilhomjon O‘g‘li Usmonov Abubakr Ismatjon O‘g‘li Xalilov Farxodjon Xalimjon O‘g‘li Yunusxo‘Jayev Sanjar Ilxomjon O‘g‘li | T98: 30609966820012 50206086540110 51601056500081 51906026540024 32802944250083 52704027150025 52907056500016 30401966610055 51010066500079 52009017000037 50807046520061 | U98: 901376161 910045119 900375454 971415656 901752157 948302002 909961100 000000000 000000000 912014246 774880303 | V98: Yuridik | W98: QQS | X98: LG420211628786 | AA98: Faol | AF98: 133.4 | AG98: 45 | AH98: 26.6 | AI98: 6 | AJ98: 0 | AK98: 0 | AL98: 10 | AM98: 5912.5462 | AN98: 0 | AO98: =+VLOOKUP(Q98,[1]умумий!$P$4:$EB$787,117,0) -> 0
A99: 88 | B99: Blok A | C99: 10-do'kon | D99: 10:10:40:01:01:0011/0012 | E99: Alimov Ulugbek Rustamovich | F99: 30809640040022 | G99: 951773373 | H99: PREMIUM PRIME SERVICE" MAS`ULIYATI CHEKLANGAN JAMIYATI | I99: 0 | J99: 1 | K99: 20 | L99: Ilyasov Muxiddin Xusnitdinovich | M99: 30307820190049 | N99: Ilyasov Muxiddin Xusnitdinovich | O99: +998973308989 | P99: 30307820190049 | R99: 6 | S99: Faxriddinov Nizomiddin Ziyovutdinlovich Shokirov Ibroxim Nosirjon O‘g‘li Shorixsiev Shomurod Shoxasan O‘g‘li Azimov Muxammadjon Ibroximjon O‘g‘li Solixov Abdullox Ilxomjon O‘g‘li Omanulloevmuxammadibroxim Baxtiyor O‘g‘li | T99: 52305066540026 30403940170056 32105900171447 51601056500081 30401966610055 51410006520051 | U99: 930451233 999909948 983075522 900375454 000000000 880094400 | V99: YTT | W99: AOS | X99: LG420230642687 | AA99: Faol | AF99: 527.1 | AG99: 221 | AH99: 52.6 | AI99: 26 | AJ99: 15.2 | AK99: 4 | AL99: 7 | AM99: 12.9 | AN99: 0 | AO99: =+VLOOKUP(Q99,[1]умумий!$P$4:$EB$787,117,0) -> #N/A
A100: 89 | B100: Blok A | C100: 10-do'kon | D100: 10:10:40:01:01:0011/0012 | E100: Alimov Ulugbek Rustamovich | F100: 30809640040022 | G100: 951773373 | H100: PREMIUM PRIME SERVICE" MAS`ULIYATI CHEKLANGAN JAMIYATI | I100: 0 | J100: 1 | K100: 20 | L100: MIRZARAXIMOV AZIZJON MURODJON O‘G‘LI | M100: 31504976500071 | N100: MIRZARAXIMOV AZIZJON MURODJON O‘G‘LI | O100: 337620005 | P100: 31504976500071 | R100: 1 | S100: MIRZARAXIMOV AZIZJON MURODJON O‘G‘LI | T100: 31504976500071 | U100: 337620005 | V100: YTT | W100: AOS | X100: VG544170015224 | AA100: Faol | AF100: 6 | AG100: 4 | AH100: 0 | AI100: 0 | AJ100: 0 | AK100: 0 | AL100: 0 | AM100: 0 | AN100: 0 | AO100: =+VLOOKUP(Q100,[1]умумий!$P$4:$EB$787,117,0) -> #N/A
A101: 90 | B101: Blok A | C101: 10-do'kon | D101: 10:10:40:01:01:0011/0012 | E101: Alimov Ulugbek Rustamovich | F101: 30809640040022 | G101: 951773373 | H101: PREMIUM PRIME SERVICE" MAS`ULIYATI CHEKLANGAN JAMIYATI | I101: 0 | J101: 1 | K101: 20 | L101: Musayev Zaxidjon Muratjanovich | M101: 31512870220067 | N101: Musayev Zaxidjon Muratjanovich | O101: +998900010021 | P101: 31512870220067 | R101: 1 | S101: BALIKOV RAUL BAXRAMOVICH | T101: 52011036560014 | U101: 930039009 | V101: YTT | W101: AOS | X101: LG420211609146 | AA101: Faol | AF101: 147.6 | AG101: 170 | AH101: 25.7 | AI101: 60 | AJ101: 1.6 | AK101: 4 | AL101: 19 | AM101: 51.69 | AN101: 0 | AO101: =+VLOOKUP(Q101,[1]умумий!$P$4:$EB$787,117,0) -> #N/A
...

Sheet Лист1
A1: T/R | B1: Blok | C1: Do'kon raqami | D1: Do'kon egasi F.I.Sh | E1: JSHSHIR raqami | F1: Telefon raqami | G1: Do'kon egasiga tegishli MCHJ nomi | H1: Do'kon umumiy maydoni | I1: ijaraga olgan tadbirkor soni | J1: Ijaraga berilgan maydoni kv.m | K1: Faoliyat olib borayotgan Tadbirkorlik subyektining nomi | L1: Faoliyat olib borayotgan Tadbirkorlik subyekti Rahbarining JSHSHIR raqami | M1: Faoliyat olib borayotgan Tadbirkorlik subyekti Rahbarining F.I.SH | N1: Faoliyat olib borayotgan Tadbirkorlik subyekti Rahbarining Telefon raqami | O1: Faoliyat olib borayotgan tadbirkorlik subyektining JSHSHIR raqami | P1: Faoliyat olib borayotgan tadbirkorlik subyektining STIR raqami | Q1: Faoliyat olib borayotgan Tadbirkorlik subyektida ishlaydigan xodimlar soni | R1: Faoliyat olib borayotgan Tadbirkorlik subyektida ishlaydigan xodimlar, F.I.SH raqami | S1: Faoliyat olib borayotgan Tadbirkorlik subyektida ishlaydigan xodimlar, JSHSHIR raqami | T1: Faoliyat olib borayotgan Tadbirkorlik subyektida ishlaydigan xodimlar, Telefon raqami | U1: Tadbirkorlik turi | V1: Soliq turi (QQS, Aylanmadan olinadigan soliq) | W1: Kassa apparat raqami | X1: Tadbirkorlik Subyekti holati (FAOL/NOFAOL) | Y1: Yong'in xavfsizlik darajasi
A3: 1 | B3: Blok A | C3: 1-do'kon | D3: Alimov Ulugbek Rustamovich | E3: 30809640040022 | F3: 951773373 | G3: PREMIUM PRIME SERVICE" MAS`ULIYATI CHEKLANGAN JAMIYATI | H3: 180 | I3: 1 | J3: 40 | K3: "NETTRA" MCHJ | L3: 52709046530021 | M3: YOQUBOV SUNNATILLA NODIR O‘G‘LI | N3: 333173003 | P3: 312658448 | Q3: 1 | R3: YOQUBOV SUNNATILLA NODIR O‘G‘LI | S3: 52709046530021 | T3: 312658448 | U3: Yuridik | V3: AOS | W3: LG420211628643 | X3: Faol
A4: 2 | B4: Blok A | C4: 1-do'kon | D4: Alimov Ulugbek Rustamovich | E4: 30809640040022 | F4: 951773373 | G4: PREMIUM PRIME SERVICE" MAS`ULIYATI CHEKLANGAN JAMIYATI | H4: 0 | I4: 1 | J4: 40 | K4: Xakimov Botir Baxtiyarovich | L4: 30105830210098 | M4: Xakimov Botir Baxtiyarovich | N4: 977751515 | O4: 30105830210098 | Q4: 5 | R4: МАРАСИЛОВ ОЙБЕК УСМАНОВИЧ | S4: 31705862180016 50204056590048 50307006610055 32801901951122 32005985970048 | T4: 936688000 000000000 000000000 940057111 940527799 | U4: YTT | V4: AOS | W4: VG300750002569 | X4: Faol | Y4: 0
A5: 3 | B5: Blok A | C5: 1-do'kon | D5: Alimov Ulugbek Rustamovich | E5: 30809640040022 | F5: 951773373 | G5: PREMIUM PRIME SERVICE" MAS`ULIYATI CHEKLANGAN JAMIYATI | H5: 0 | I5: 1 | J5: 40 | K5: Islombekov Otabek Rustambek O'g'li | L5: 30208940330022 | M5: Islombekov Otabek Rustambek O'g'li | N5: +998946447750 | O5: 30208940330022 | Q5: 5 | R5: ISMANOV MAXMUDJON MUROD O‘G‘LI | S5: 32608950260036 50201048660055 31212840220049 51303046730028 50202006590023 | T5: 947945599 000000000 000000000 935541343 957876996 | U5: YTT | V5: AOS | W5: LG420211621180 | X5: Faol | Y5: =VLOOKUP(L5,'[2]йил бошидан'!$B$5:$C$2923,2,0) -> 15.93
A6: 4 | B6: Blok A | C6: 1-do'kon | D6: Alimov Ulugbek Rustamovich | E6: 30809640040022 | F6: 951773373 | G6: PREMIUM PRIME SERVICE" MAS`ULIYATI CHEKLANGAN JAMIYATI | H6: 0 | I6: 1 | J6: 40 | K6: МАРАСИЛОВ ОЙБЕК УСМАНОВИЧ | L6: 32909770170047 | M6: МАРАСИЛОВ ОЙБЕК УСМАНОВИЧ | N6: 999937216 | O6: 32909770170047 | Q6: 1 | R6: МАРАСИЛОВ ОЙБЕК УСМАНОВИЧ | S6: 32909770170047 | T6: 999937216 | U6: YTT | V6: AOS | W6: UZ201125124416 | X6: Faol | Y6: 0
A7: 5 | B7: Blok A | C7: 1-do'kon | D7: Alimov Ulugbek Rustamovich | E7: 30809640040022 | F7: 951773373 | G7: PREMIUM PRIME SERVICE" MAS`ULIYATI CHEKLANGAN JAMIYATI | H7: 0 | I7: 1 | J7: 20 | K7: ISMANOV MAXMUDJON MUROD O‘G‘LI | L7: 50608006610020 | M7: ISMANOV MAXMUDJON MUROD O‘G‘LI | N7: 941115544 | O7: 50608006610020 | Q7: 1 | R7: ISMANOV MAXMUDJON MUROD O‘G‘LI | S7: 50608006610020 | T7: 941115544 | U7: YTT | V7: AOS | W7: LG420211621377 | X7: Faol | Y7: =VLOOKUP(L7,'[2]йил бошидан'!$B$5:$C$2923,2,0) -> 4.4
A8: 6 | B8: Blok A | C8: 2-do'kon | D8: AbdumalikovAkmal Pulat o'g'li | E8: 51010066600018 | F8: 935272727 | H8: 180 | I8: 1 | J8: 15 | K8: FIRDAVS-ZOHID SAVDO | L8: 43011920330011 | M8: USMONOVA MUQADDAS SHUXRATJONOVNA | N8: 958598008 | P8: 301758598 | Q8: 1 | R8: USMONOVA MUQADDAS SHUXRATJONOVNA | S8: 43011920330011 | T8: 958598008 | U8: Yuridik | V8: AOS | W8: LG420211601706 | X8: Faol
A9: 7 | B9: Blok A | C9: 2-do'kon | D9: AbdumalikovAkmal Pulat o'g'li | E9: 51010066600018 | F9: 935272727 | H9: 0 | I9: 1 | J9: 15 | K9: USMANOV UKTAMJON XAMIDOVICH | L9: 30405602100034 | M9: USMANOV UKTAMJON XAMIDOVICH | N9: 955535040 | O9: 30405602100034 | Q9: 1 | R9: USMANOV UKTAMJON XAMIDOVICH | S9: 30405602100034 | T9: 955535040 | U9: YTT | V9: AOS | X9: Faol | Y9: 0
A10: 8 | B10: Blok A | C10: 2-do'kon | D10: AbdumalikovAkmal Pulat o'g'li | E10: 51010066600018 | F10: 935272727 | H10: 0 | I10: 1 | J10: 15 | K10: SALIYEV ULUG‘BEK BAXTIYOR O‘G‘LI | L10: 30601910171605 | M10: SALIYEV ULUG‘BEK BAXTIYOR O‘G‘LI | N10: 951107577 | O10: 30601910171605 | Q10: 1 | R10: SALIYEV ULUG‘BEK BAXTIYOR O‘G‘LI | S10: 30601910171605 | T10: 951107577 | U10: YTT | V10: AOS | X10: Faol | Y10: 0
A11: 9 | B11: Blok A | C11: 2-do'kon | D11: AbdumalikovAkmal Pulat o'g'li | E11: 51010066600018 | F11: 935272727 | H11: 0 | I11: 1 | J11: 15 | K11: BERDIYOROV ASROR SHUHRAT O‘G‘LI | L11: 31208966580017 | M11: BERDIYOROV ASROR SHUHRAT O‘G‘LI | N11: 935475515 | O11: 31208966580017 | Q11: 1 | R11: BERDIYOROV ASROR SHUHRAT O‘G‘LI | S11: 31208966580017 | T11: 935475515 | U11: YTT | V11: AOS | W11: LG420211610963 | X11: Faol | Y11: 0
A12: 10 | B12: Blok A | C12: 2-do'kon | D12: AbdumalikovAkmal Pulat o'g'li | E12: 51010066600018 | F12: 935272727 | H12: 0 | I12: 1 | J12: 15 | K12: Abduraimov Mamurjon Abduxamidovich | L12: 32005810020025 | M12: Abduraimov Mamurjon Abduxamidovich | N12: 981211900 | O12: 32005810020025 | Q12: 4 | R12: ANVAROV OYBEK A’ZAMJON O‘G‘LI KOMILJONOV KAMRONBEK SANJARBEK O‘G‘LI XAYRIDDINOV ABDULLOH ZUHRIDDIN O'G'LI TOIRXONOV IBROHIMXON FATTOXXON O‘G‘LI | S12: 30708942190047 52310066750034 51605048680034 50906016750023 | T12: 998981211900 998981211900 998900000000 998974636446 | U12: YTT | V12: AOS | W12: LG420211629211 | X12: Faol | Y12: 0
A13: 11 | B13: Blok A | C13: 2-do'kon | D13: AbdumalikovAkmal Pulat o'g'li | E13: 51010066600018 | F13: 935272727 | H13: 0 | I13: 1 | J13: 15 | K13: AXMADJON TALIPOV ABDUXAMIDOVICH | L13: 32704700220023 | M13: AXMADJON TALIPOV ABDUXAMIDOVICH | N13: 977705250 | O13: 32704700220023 | Q13: 1 | R13: AXMADJON TALIPOV ABDUXAMIDOVICH | S13: 32704700220023 | T13: 977705250 | U13: YTT | V13: AOS | W13: NA000000028602 | X13: Faol | Y13: 0
A14: 12 | B14: Blok A | C14: 2-do'kon | D14: AbdumalikovAkmal Pulat o'g'li | E14: 51010066600018 | F14: 935272727 | H14: 0 | I14: 1 | J14: 15 | K14: ISMOILOV ABDULAZIZ RAHMONJON O‘G‘LI | L14: 32709966530013 | M14: ISMOILOV ABDULAZIZ RAHMONJON O‘G‘LI | N14: 977488267 | O14: 32709966530013 | Q14: 1 | R14: ISMOILOV ABDULAZIZ RAHMONJON O‘G‘LI | S14: 32709966530013 | T14: 977488267 | U14: YTT | V14: AOS | X14: Faol | Y14: =VLOOKUP(L14,'[2]йил бошидан'!$B$5:$C$2923,2,0) -> 29.56
A15: 13 | B15: Blok A | C15: 2-do'kon | D15: AbdumalikovAkmal Pulat o'g'li | E15: 51010066600018 | F15: 935272727 | H15: 0 | I15: 1 | J15: 15 | K15: XUSANJON UCHKUNOV UTKUR O‘G‘LI | L15: 50205006610041 | M15: XUSANJON UCHKUNOV UTKUR O‘G‘LI | N15: 946673088 | O15: 50205006610041 | Q15: 1 | R15: XUSANJON UCHKUNOV UTKUR O‘G‘LI | S15: 50205006610041 | T15: 946673088 | U15: YTT | V15: AOS | W15: LG420211621163 | X15: Faol | Y15: =VLOOKUP(L15,'[2]йил бошидан'!$B$5:$C$2923,2,0) -> 14.94
A16: 14 | B16: Blok A | C16: 2-do'kon | D16: AbdumalikovAkmal Pulat o'g'li | E16: 51010066600018 | F16: 935272727 | H16: 0 | I16: 1 | J16: 15 | K16: SA’DULLAYEV HOTAMJON SHAVKATJON O‘G‘LI | L16: 50602016500014 | M16: SA’DULLAYEV HOTAMJON SHAVKATJON O‘G‘LI | N16: 990370761 | O16: 50602016500014 | Q16: 1 | R16: SA’DULLAYEV HOTAMJON SHAVKATJON O‘G‘LI | S16: 50602016500014 | T16: 990370761 | U16: YTT | V16: AOS | W16: LG420211609130 | X16: Faol | Y16: 0
A17: 15 | B17: Blok A | C17: 2-do'kon | D17: AbdumalikovAkmal Pulat o'g'li | E17: 51010066600018 | F17: 935272727 | H17: 0 | I17: 1 | J17: 15 | K17: Voxidov Abdulloh Qodirjon O'g'li | L17: 52403006540012 | M17: Voxidov Abdulloh Qodirjon O'g'li | N17: +998971711001 | O17: 52403006540012 | Q17: 1 | R17: BAXTIYOROV DILMUROD ELDIYOR O‘G‘LI | S17: 52810016500020 | T17: 998971711001 | U17: YTT | V17: AOS | W17: LG420211629139 | X17: Faol | Y17: =VLOOKUP(L17,'[2]йил бошидан'!$B$5:$C$2923,2,0) -> 0
A18: 16 | B18: Blok A | C18: 2-do'kon | D18: AbdumalikovAkmal Pulat o'g'li | E18: 51010066600018 | F18: 935272727 | H18: 0 | I18: 1 | J18: 30 | K18: NASRITDINOV ZAVKIDDIN NURITDINOVICH | L18: 31506640211647 | M18: NASRITDINOV ZAVKIDDIN NURITDINOVICH | N18: 888289009 | O18: 31506640211647 | Q18: 1 | R18: NASRITDINOV ZAVKIDDIN NURITDINOVICH | S18: 31506640211647 | T18: 888289009 | U18: YTT | V18: AOS | X18: Faol | Y18: =VLOOKUP(L18,'[2]йил бошидан'!$B$5:$C$2923,2,0) -> 9.75
A19: 17 | B19: Blok A | C19: 3-do'kon | D19: Alimov Ulugbek Rustamovich | E19: 30809640040022 | F19: 951773373 | G19: PREMIUM PRIME SERVICE" MAS`ULIYATI CHEKLANGAN JAMIYATI | H19: 180 | I19: 1 | J19: 40 | K19: "Intouch" Mchj | L19: 31112880221722 | M19: Shamsutdinov Sunnat Utkurovich | N19: 998990862228 | P19: 306067924 | Q19: 17 | R19: Shamsutdinov Sunnat Utkurovich Shamsiddinov Doston O`tkir O‘g‘li Shamsutdinov Dilshod Utkurovich Nigmanov Nasirullo Muxamatovich Mirsobirov Ibrohim Dilshod O‘g‘li Rixsiyev Jaloliddin Nuriddin O‘g‘li Inog‘Omov Axbor Axror O‘g‘li Abduqahhorov Asadbek Dilshod O‘g‘li Abdug‘Aniyev Abduvali Jaxongir O‘g‘li Muxamedaliyev Dilshod Muxamedayubovich O‘Ktamov Shovkat Ibrohim O‘g‘li Mahmudov Bobur Bahtiyor O‘g‘li Qudratullayev Azizjon Rashid O‘g‘li Sayfullayev Sultonmurod Kaxramon O‘g‘li Xabibullayev Muxammad Uktam O‘g‘li Xamidullayev Dilshod Muzrab O‘g‘li Xayrullayev Sarvarjon Sayfulla O‘g‘li | S19: 998756541 | T19: 904337777 900047000 933984606 000000000 900957777 997949112 990505959 970364404 935811016 977699299 955555800 977333273 946810806 777271334 990857293 977096315 900510009 | U19: Yuridik | V19: QQS | W19: VG300750020148 | X19: Faol
A20: 18 | B20: Blok A | C20: 3-do'kon | D20: Alimov Ulugbek Rustamovich | E20: 30809640040022 | F20: 951773373 | G20: PREMIUM PRIME SERVICE" MCHJ | H20: 0 | I20: 1 | J20: 20 | K20: AZIZJON QUDRATULLAYEV RASHID O‘G‘LI | L20: 52303036610029 | M20: AZIZJON QUDRATULLAYEV RASHID O‘G‘LI | N20: 998756541 | O20: 52303036610029 | Q20: 1 | R20: AZIZJON QUDRATULLAYEV RASHID O‘G‘LI | S20: 52303036610029 | T20: 998756541 | U20: YTT | V20: AOS | W20: LG420211622155 | X20: Faol | Y20: 0
A21: 19 | B21: Blok A | C21: 3-do'kon | D21: Alimov Ulugbek Rustamovich | E21: 30809640040022 | F21: 951773373 | G21: PREMIUM PRIME SERVICE" MCHJ | H21: 0 | I21: 1 | J21: 40 | K21: Kudratov Murodjon Xikmatullayevich | L21: 31208740220018 | M21: Kudratov Murodjon Xikmatullayevich | N21: 997201133 | O21: 31208740220018 | Q21: 1 | R21: Kudratov Murodjon Xikmatullayevich | S21: 31208740220018 | T21: 997201133 | U21: YTT | V21: AOS | W21: LG420211621166 | X21: Faol | Y21: 0
A22: 20 | B22: Blok A | C22: 3-do'kon | D22: Alimov Ulugbek Rustamovich | E22: 30809640040022 | F22: 951773373 | G22: PREMIUM PRIME SERVICE" MAS`ULIYATI CHEKLANGAN JAMIYATI | H22: 0 | I22: 1 | J22: 40 | K22: Movlonxo‘Jayev Rustam Davron O'g'li | L22: 32410986610042 | M22: Movlonxo‘Jayev Rustam Davron O'g'li | N22: +998935443445 | O22: 32410986610042 | Q22: 5 | R22: Turdushadjiev Ilzat Azatovich Nabiev Atxambek Baxodir O‘g‘li Xakimov Umid Niyazovich Yusupov Farxod Sadikdjanovich Narkobelov Otabek Abduraxim O‘g‘li | S22: 31301870770058 30812956610021 32912830220080 30112770250091 30405920171828 | T22: 997100001 974344686 974438282 000000000 999350030 | U22: YTT | V22: AOS | W22: YZ231006000696 | X22: Faol | Y22: 0
A23: 21 | B23: Blok A | C23: 3-do'kon | D23: Alimov Ulugbek Rustamovich | E23: 30809640040022 | F23: 951773373 | G23: PREMIUM PRIME SERVICE" MAS`ULIYATI CHEKLANGAN JAMIYATI | H23: 0 | I23: 1 | J23: 40 | K23: Sodiqjonov Faxriddin Farhod O'g'li | L23: 51412066750038 | M23: Sodiqjonov Faxriddin Farhod O'g'li | N23: +998938943333 | O23: 51412066750038 | Q23: 5 | R23: Kudratov Murojon Xikmatullaevich Raimdjanov Ulugbek Abdusalomovich Tokniyozov Rustam Turdiaxunovich Saydullaev Shuxrat Shovkat O’g’li Asadullaev Farrux Abdullo O’g’li | S23: 31208740220018 31810881240138 31104786590013 31410910171725 51007036750031 | T23: 997201133 931351818 990038880 998305133 000000000 | U23: YTT | V23: AOS | W23: LG420211639801 | X23: Faol | Y23: 0
A24: 22 | B24: Blok A | C24: 4-do'kon | D24: Alimov Ulugbek Rustamovich | E24: 30809640040022 | F24: 951773373 | G24: PREMIUM PRIME SERVICE" MAS`ULIYATI CHEKLANGAN JAMIYATI | H24: 180 | I24: 1 | J24: 15 | K24: ЧП "NODIR-ALI-FAYZ SERVICE" | L24: 32512860220056 | M24: SHAYXOV NODIR NIGMATULLAYEVICH | N24: 977028686 | P24: 307047971 | Q24: 1 | R24: SHAYXOV NODIR NIGMATULLAYEVICH | S24: 32512860220056 | T24: 977028686 | U24: Yuridik | V24: AOS | X24: Faol
A25: 23 | C25: 4-do'kon | D25: Alimov Ulugbek Rustamovich | E25: 30809640040022 | F25: 951773373 | G25: PREMIUM PRIME SERVICE" MAS`ULIYATI CHEKLANGAN JAMIYATI | H25: 0 | I25: 1 | J25: 15 | K25: `OPEN SHOP` MCHJ | L25: 30410860240026 | M25: KARIMJONOV SARDOR ABDUXALIL O‘G‘LI | N25: 998357313 | P25: 307095613 | W25: YZ231006043301
A26: 24 | B26: Blok A | C26: 4-do'kon | D26: Alimov Ulugbek Rustamovich | E26: 30809640040022 | F26: 951773373 | G26: PREMIUM PRIME SERVICE" MAS`ULIYATI CHEKLANGAN JAMIYATI | H26: 0 | I26: 1 | J26: 15 | K26: `OPEN SHOP` MCHJ | L26: 30410860240026 | M26: KARIMJONOV SARDOR ABDUXALIL O‘G‘LI | N26: 998357313 | P26: 307095613 | Q26: 1 | R26: KARIMJONOV SARDOR ABDUXALIL O‘G‘LI | S26: 30410860240026 | T26: 998357313 | U26: Yuridik | V26: AOS | W26: NA000000016613 | X26: Faol
A27: 25 | B27: Blok A | C27: 4-do'kon | D27: Alimov Ulugbek Rustamovich | E27: 30809640040022 | F27: 951773373 | G27: PREMIUM PRIME SERVICE" MAS`ULIYATI CHEKLANGAN JAMIYATI | H27: 0 | I27: 1 | J27: 15 | K27: Rasulov Maxmudjon Dexkanbayevich | L27: 30303720221421 | M27: Rasulov Maxmudjon Dexkanbayevich | N27: 946600767 | O27: 30303720221421 | Q27: 1 | R27: Rasulov Maxmudjon Dexkanbayevich | S27: 30303720221421 | T27: 946600767 | U27: YTT | V27: AOS | W27: LG420211621167 | X27: Faol | Y27: 0
A28: 26 | B28: Blok A | C28: 4-do'kon | D28: Alimov Ulugbek Rustamovich | E28: 30809640040022 | F28: 951773373 | G28: PREMIUM PRIME SERVICE" MAS`ULIYATI CHEKLANGAN JAMIYATI | H28: 0 | I28: 1 | J28: 15 | K28: NABIYEV IZZATULLA SUNNATULLO O‘G‘LI | L28: 30803986610028 | M28: NABIYEV IZZATULLA SUNNATULLO O‘G‘LI | N28: 770044040 | O28: 30803986610028 | Q28: 1 | R28: NABIYEV IZZATULLA SUNNATULLO O‘G‘LI | S28: 30803986610028 | T28: 770044040 | U28: YTT | V28: AOS | W28: LG420211621168 | X28: Faol | Y28: 0
A29: 27 | B29: Blok A | C29: 4-do'kon | D29: Alimov Ulugbek Rustamovich | E29: 30809640040022 | F29: 951773373 | G29: PREMIUM PRIME SERVICE" MAS`ULIYATI CHEKLANGAN JAMIYATI | H29: 0 | I29: 1 | J29: 15 | K29: Shoxzodbek Yoqubjonov Ilhomjon O'g'li | L29: 30904932140115 | M29: Shoxzodbek Yoqubjonov Ilhomjon O'g'li | N29: 900000000 | O29: 30904932140115 | Q29: 1 | R29: Shoxzodbek Yoqubjonov Ilhomjon O'g'li | S29: 30904932140115 | T29: 900000000 | U29: YTT | V29: AOS | W29: VG343420021079 | X29: Faol | Y29: 0
A30: 28 | B30: Blok A | C30: 4-do'kon | D30: Alimov Ulugbek Rustamovich | E30: 30809640040022 | F30: 951773373 | G30: PREMIUM PRIME SERVICE" MAS`ULIYATI CHEKLANGAN JAMIYATI | H30: 0 | I30: 1 | J30: 15 | K30: ZUXRIDDINOV SHOXOBIDDIN FAZLIDDIN O‘G‘LI | L30: 31905976670061 | M30: ZUXRIDDINOV SHOXOBIDDIN FAZLIDDIN O‘G‘LI | N30: 907880058 | O30: 31905976670061 | Q30: 1 | R30: ZUXRIDDINOV SHOXOBIDDIN FAZLIDDIN O‘G‘LI | S30: 31905976670061 | T30: 907880058 | U30: YTT | V30: AOS | W30: LG420211609406 | X30: Faol | Y30: 0
A31: 29 | B31: Blok A | C31: 4-do'kon | D31: Alimov Ulugbek Rustamovich | E31: 30809640040022 | F31: 951773373 | G31: PREMIUM PRIME SERVICE" MAS`ULIYATI CHEKLANGAN JAMIYATI | H31: 0 | I31: 1 | J31: 15 | K31: IBROHIMOV JO‘RABEK AHMADJON O‘G‘LI | L31: 32109986540032 | M31: IBROHIMOV JO‘RABEK AHMADJON O‘G‘LI | N31: 909338885 | O31: 32109986540032 | Q31: 1 | R31: IBROHIMOV JO‘RABEK AHMADJON O‘G‘LI | S31: 32109986540032 | T31: 909338885 | U31: YTT | V31: AOS | W31: LG420211638029 | X31: Faol | Y31: =VLOOKUP(L31,'[2]йил бошидан'!$B$5:$C$2923,2,0) -> 67.17
A32: 30 | B32: Blok A | C32: 4-do'kon | D32: Alimov Ulugbek Rustamovich | E32: 30809640040022 | F32: 951773373 | G32: PREMIUM PRIME SERVICE" MAS`ULIYATI CHEKLANGAN JAMIYATI | H32: 0 | I32: 1 | J32: 15 | K32: Toxirov Davron Xaydar O'g'li | L32: 32404910600036 | M32: Toxirov Davron Xaydar O'g'li | N32: +998331019999 | O32: 32404910600036 | Q32: 4 | R32: QAMBAROV AZIZJON AKMAL O‘G‘LI G‘ULOMOV XASAN G‘OFURJON O‘G‘LI MUXAMEDOV SHAXZOD UKTAMOVICH ABDURAXIMOV ASADBEK ABDURAZZOQ O‘G‘LI | S32: 53007046750058 31511840290024 31708880070039 50402056620022 | T32: 0998977401500 998909323640 998998008383 998974230204 | U32: YTT | V32: AOS | W32: LG420211622505 | X32: Faol | Y32: =VLOOKUP(L32,'[2]йил бошидан'!$B$5:$C$2923,2,0) -> 0.03
A33: 31 | B33: Blok A | C33: 4-do'kon | D33: Alimov Ulugbek Rustamovich | E33: 30809640040022 | F33: 951773373 | G33: PREMIUM PRIME SERVICE" MAS`ULIYATI CHEKLANGAN JAMIYATI | H33: 0 | I33: 1 | J33: 15 | K33: Tojiboyev Abbosjon Umidjon O'g'li | L33: 50304026520049 | M33: Tojiboyev Abbosjon Umidjon O'g'li | N33: +998998151711 | O33: 50304026520049 | Q33: 1 | R33: RAXIMOV OYBEK ULUG‘BEK O‘G‘LI | S33: 52106036610026 | T33: 998900156240 | U33: YTT | V33: AOS | W33: VG298430010687 | X33: Faol | Y33: =VLOOKUP(L33,'[2]йил бошидан'!$B$5:$C$2923,2,0) -> 1.52
A34: 32 | B34: Blok A | C34: 4-do'kon | D34: Alimov Ulugbek Rustamovich | E34: 30809640040022 | F34: 951773373 | G34: PREMIUM PRIME SERVICE" MAS`ULIYATI CHEKLANGAN JAMIYATI | H34: 0 | I34: 1 | J34: 15 | K34: AXMADALIYEV ABU-BAKIR ALISHER O‘G‘LI | L34: 50610006610047 | M34: AXMADALIYEV ABU-BAKIR ALISHER O‘G‘LI | N34: 940555514 | O34: 50610006610047 | Q34: 1 | R34: AXMADALIYEV ABU-BAKIR ALISHER O‘G‘LI | S34: 50610006610047 | T34: 940555514 | U34: YTT | V34: AOS | X34: Faol | Y34: 0
A35: 33 | B35: Blok A | C35: 4-do'kon | D35: Alimov Ulugbek Rustamovich | E35: 30809640040022 | F35: 951773373 | G35: PREMIUM PRIME SERVICE" MAS`ULIYATI CHEKLANGAN JAMIYATI | H35: 0 | I35: 1 | J35: 15 | K35: Tursunov Dilnur Dilshod O'g'li | L35: 50905066620030 | M35: Tursunov Dilnur Dilshod O'g'li | N35: +998940704343 | O35: 50905066620030 | Q35: 3 | R35: OBIDJONOV MUXAMMADALI OMILJON O‘G‘LI NARMAMATOV SHUXRATJON MAMADALIYEVICH ALIYEV MAHMUDJON IBROHIM O‘G‘LI | S35: 53105086540052 31512892940037 32704985970035 | T35: 998908287654 998909433118 998977100023 | U35: YTT | V35: AOS | W35: LG420211622506 | X35: Faol | Y35: =VLOOKUP(L35,'[2]йил бошидан'!$B$5:$C$2923,2,0) -> 0.01
A36: 34 | B36: Blok A | C36: 4-do'kon | D36: Alimov Ulugbek Rustamovich | E36: 30809640040022 | F36: 951773373 | G36: PREMIUM PRIME SERVICE" MAS`ULIYATI CHEKLANGAN JAMIYATI | H36: 0 | I36: 1 | J36: 15 | K36: Sobirjonov Shukurjon Sharifjon O'g'li | L36: 52107006610066 | M36: Sobirjonov Shukurjon Sharifjon O'g'li | N36: 903208696 | O36: 52107006610066 | Q36: 1 | R36: Sobirjonov Shukurjon Sharifjon O'g'li | S36: 52107006610066 | T36: 903208696 | U36: YTT | V36: AOS | X36: Faol | Y36: 0
A37: 35 | B37: Blok A | C37: 5-do'kon | D37: Alimov Ulugbek Rustamovich | E37: 30809640040022 | F37: 951773373 | G37: PREMIUM PRIME SERVICE" MAS`ULIYATI CHEKLANGAN JAMIYATI | H37: 180 | I37: 1 | J37: 20 | K37: Igamberdiyev Umarjon Mamurjon O'g'li | L37: 50610036610017 | M37: Igamberdiyev Umarjon Mamurjon O'g'li | N37: 959054505 | O37: 50610036610017 | Q37: 1 | R37: Igamberdiyev Umarjon Mamurjon O'g'li | S37: 50610036610017 | T37: 959054505 | U37: YTT | V37: QQS | W37: LG420211621216 | X37: Faol | Y37: 0
A38: 36 | B38: Blok A | C38: 5-do'kon | D38: Alimov Ulugbek Rustamovich | E38: 30809640040022 | F38: 951773373 | G38: PREMIUM PRIME SERVICE" MAS`ULIYATI CHEKLANGAN JAMIYATI | H38: 0 | I38: 1 | J38: 20 | K38: Ataxanov Nodirbek Nozimovich | L38: 32412820770019 | M38: Ataxanov Nodirbek Nozimovich | N38: +998983671982 | O38: 32412820770019 | Q38: 5 | R38: Abdullaxatov Xusan Abduzabixilla O‘g‘li Raximjonov Shaxzod Baxrom O‘g‘li Ubaydullaev Lutfulla Sayfullaevich Tadjibaev Muxammad Muxtorovich Tolipov Abror Avzal O‘g‘li | S38: 50511046600033 50603046610016 31001820222272 31009854320041 30511910211112 | T38: 332022233 946753634 977734473 932704944 977005005 | U38: YTT | V38: AOS | W38: UZ201125124435 | X38: Faol | Y38: 0
A39: 37 | B39: Blok A | C39: 5-do'kon | D39: Alimov Ulugbek Rustamovich | E39: 30809640040022 | F39: 951773373 | G39: PREMIUM PRIME SERVICE" MAS`ULIYATI CHEKLANGAN JAMIYATI | H39: 0 | I39: 1 | J39: 20 | K39: "Pc Planet" Mchj | L39: 51903016670013 | M39: Qudratillayev Raxmatilla Xikmatilla O'g'li | N39: 971570705 | P39: 311717825 | Q39: 6 | R39: Qudratillayev Raxmatilla Xikmatilla Ogli Alimuxamedov Gulomjan Nasirdjanovich Vaxobov Xikmatilla Nosirjanova Mastura Alimuxamedov Shokirjon Sultangulov Rais Ayratovich | S39: 51903016670013 30707860210039 31406740720019 62405076540021 31601820210011 30610907340029 | T39: 971570705 881708000 935000705 909050008 977710002 884759000 | U39: Yuridik | V39: AOS | W39: LG420211621179 | X39: Faol
A40: 38 | B40: Blok A | C40: 5-do'kon | D40: Alimov Ulugbek Rustamovich | E40: 30809640040022 | F40: 951773373 | G40: PREMIUM PRIME SERVICE" MAS`ULIYATI CHEKLANGAN JAMIYATI | H40: 0 | I40: 1 | J40: 20 | K40: Ergashev Komiljon Rustam O'g'li | L40: 31511996570010 | M40: Ergashev Komiljon Rustam O'g'li | N40: +998978784911 | O40: 31511996570010 | Q40: 5 | R40: G‘ANIJONOV SHOHRUHBEK NOMOZBEK O‘G‘LI SHERZODOV ABDULLOX DILMUROD O‘G‘LI ALIMOV ISLOMBEK XASANOVICH SOBIROV SHARIFJON ABROR O‘G‘LI SHOKIROV RAVSHANJON SHAVKATJON O‘G‘LI | S40: 30709951910060 51710006610058 51805076610018 30901996610114 31008961360021 | T40: 998978784911 | U40: YTT | V40: AOS | W40: LG420211621148 | X40: Faol | Y40: =VLOOKUP(L40,'[2]йил бошидан'!$B$5:$C$2923,2,0) -> 0.05
A41: 39 | B41: Blok A | C41: 5-do'kon | D41: Alimov Ulugbek Rustamovich | E41: 30809640040022 | F41: 951773373 | G41: PREMIUM PRIME SERVICE" MAS`ULIYATI CHEKLANGAN JAMIYATI | H41: 0 | I41: 1 | J41: 20 | K41: Yusupov Ibrohim G‘Ofur O'g'li | L41: 32602950210141 | M41: Yusupov Ibrohim G‘Ofur O'g'li | N41: +998940810818 | O41: 32602950210141 | Q41: 3 | R41: TOLIPOV ABROR AVZAL O‘G‘LI RASULMUXAMEDOV DILSHOD SHERZOD O‘G‘LI ABDUNABIYEV RAVSHAN RUSTAM O‘G‘LI | S41: 30511910211112 50308056530018 51602076590043 | T41: 998940810818 | U41: YTT | V41: AOS | W41: LG420211621171 | X41: Faol | Y41: 0
A42: 40 | B42: Blok A | C42: 5-do'kon | D42: Alimov Ulugbek Rustamovich | E42: 30809640040022 | F42: 951773373 | G42: PREMIUM PRIME SERVICE" MAS`ULIYATI CHEKLANGAN JAMIYATI | H42: 0 | I42: 1 | J42: 20 | K42: Karimov Shoxrux Mamurjon O'g'li | L42: 32806910172067 | M42: Karimov Shoxrux Mamurjon O'g'li | N42: +998930830000 | O42: 32806910172067 | Q42: 5 | R42: Kamoliddinov Azizbek Abduraximov Umar Maxmudjonov Rajabbek Sobirov Burxonjon Fayzullaev Muxammad | S42: 52705036790033 51808036540019 30912956610022 50106046500036 51710066610029 | T42: 931699003 977712882 881013770 773102121 977102510 | U42: YTT | V42: AOS | W42: UZ201125119608 | X42: Faol | Y42: =VLOOKUP(L42,'[2]йил бошидан'!$B$5:$C$2923,2,0) -> 5.8
A43: 41 | B43: Blok A | C43: 5-do'kon | D43: Alimov Ulugbek Rustamovich | E43: 30809640040022 | F43: 951773373 | G43: PREMIUM PRIME SERVICE" MAS`ULIYATI CHEKLANGAN JAMIYATI | H43: 0 | I43: 1 | J43: 20 | K43: ABDULLAXATOV XUSAN ABDUZABIXILLA O‘G‘LI | L43: 50511046600033 | M43: ABDULLAXATOV XUSAN ABDUZABIXILLA O‘G‘LI | N43: 332022233 | O43: 50511046600033 | Q43: 1 | R43: ABDULLAXATOV XUSAN ABDUZABIXILLA O‘G‘LI | S43: 50511046600033 | T43: 332022233 | U43: YTT | V43: AOS | W43: LG420211629949 | X43: Faol | Y43: =VLOOKUP(L43,'[2]йил бошидан'!$B$5:$C$2923,2,0) -> 0.07
A44: 42 | B44: Blok A | C44: 5-do'kon | D44: Alimov Ulugbek Rustamovich | E44: 30809640040022 | F44: 951773373 | G44: PREMIUM PRIME SERVICE" MAS`ULIYATI CHEKLANGAN JAMIYATI | H44: 0 | I44: 1 | J44: 20 | K44: Sobitov Maxmudjon Murodjon O'g'li | L44: 50911016540057 | M44: Sobitov Maxmudjon Murodjon O'g'li | N44: +998983052007 | O44: 50911016540057 | Q44: 5 | R44: Raximjonov Ulugbek Abduvaxob O‘g‘li Sobirov Sharifjon Abror O‘g‘li Babajanov Sardorbek Abduvali O‘g‘li Tolipov Ibroxim Dilshod O‘g‘li Axmadjonov Odiljon Shokirjon O‘g‘li | S44: 31211940210071 30901996610114 30512976520035 32405996540054 51607036750013 | T44: 0 977077665 996388828 903476566 976403333 | U44: YTT | V44: AOS | W44: LG420211629146 | X44: Faol | Y44: =VLOOKUP(L44,'[2]йил бошидан'!$B$5:$C$2923,2,0) -> 0.29
A45: 43 | B45: Blok A | C45: 5-do'kon | D45: Alimov Ulugbek Rustamovich | E45: 30809640040022 | F45: 951773373 | G45: PREMIUM PRIME SERVICE" MAS`ULIYATI CHEKLANGAN JAMIYATI | H45: 0 | I45: 1 | J45: 20 | K45: ABILQOSIMOV OYBEK SHAROFIDDIN O‘G‘LI | L45: 51712026790031 | M45: ABILQOSIMOV OYBEK SHAROFIDDIN O‘G‘LI | N45: 941850702 | O45: 51712026790031 | Q45: 1 | R45: ABILQOSIMOV OYBEK SHAROFIDDIN O‘G‘LI | S45: 51712026790031 | T45: 941850702 | U45: YTT | V45: AOS | W45: LG420211635206 | X45: Faol | Y45: 0
A46: 44 | B46: Blok A | C46: 6-do'kon | D46: Alimov Ulugbek Rustamovich | E46: 30809640040022 | F46: 951773373 | G46: PREMIUM PRIME SERVICE" MAS`ULIYATI CHEKLANGAN JAMIYATI | H46: 180 | I46: 1 | J46: 22 | K46: Osiyo Volga | L46: 31512710170013 | M46: Djalilov Rovshan Atxamovich | N46: 978037520 | P46: 300961062 | Q46: 3 | R46: RAHIMJONOV SHUHRAT IBROHIM O‘G‘LI YULCHIYEV ABDUXAKIM ABDUVALI O‘G‘LI ERKINOV JASURBEK JAVLONBEK O‘G‘LI | S46: 52108066750046 31901920211241 51807048680025 | T46: 998999922622 | U46: Yuridik | V46: QQS | W46: VG343420021085 | X46: Faol
A47: 45 | B47: Blok A | C47: 6-do'kon | D47: Alimov Ulugbek Rustamovich | E47: 30809640040022 | F47: 951773373 | G47: PREMIUM PRIME SERVICE" MAS`ULIYATI CHEKLANGAN JAMIYATI | H47: 0 | I47: 1 | J47: 22 | K47: "BRAVO OFFICE" MCHJ | L47: 31208874320013 | M47: SADIKOV ALISHER ANVAROVICH | N47: 911553001 | P47: 310947571 | Q47: 1 | R47: SADIKOV ALISHER ANVAROVICH | S47: 31208874320013 | T47: 911553001 | U47: Yuridik | V47: AOS | W47: LG420211628678 | X47: Faol
A48: 46 | B48: Blok A | C48: 6-do'kon | D48: Alimov Ulugbek Rustamovich | E48: 30809640040022 | F48: 951773373 | G48: PREMIUM PRIME SERVICE" MAS`ULIYATI CHEKLANGAN JAMIYATI | H48: 0 | I48: 1 | J48: 22 | K48: ASATOV SUNNATILLO ABDIKARIM O‘G‘LI | L48: 30109966590051 | M48: ASATOV SUNNATILLO ABDIKARIM O‘G‘LI | N48: 900000000 | O48: 30109966590051 | Q48: 1 | R48: ASATOV SUNNATILLO ABDIKARIM O‘G‘LI | S48: 30109966590051 | T48: 900000000 | U48: YTT | V48: AOS | X48: Faol | Y48: 0
A49: 47 | B49: Blok A | C49: 6-do'kon | D49: Alimov Ulugbek Rustamovich | E49: 30809640040022 | F49: 951773373 | G49: PREMIUM PRIME SERVICE" MAS`ULIYATI CHEKLANGAN JAMIYATI | H49: 0 | I49: 1 | J49: 22 | K49: Ibatulin Ruslan Ramilevich | L49: 30810920222614 | M49: Ibatulin Ruslan Ramilevich | N49: +998909683368 | O49: 30810920222614 | Q49: 3 | R49: MIRZAYEV O‘TKIRJON SALOXIDIN O‘G‘LI SAIDOV MIRVOXID UMIDJON O‘G‘LI MINIGALIYEV PETR YUREVICH | S49: 50207006590035 32806976590038 32412900241486 | T49: 998909683368 | U49: YTT | V49: QQS | W49: LG420211629143 | X49: Faol | Y49: =VLOOKUP(L49,'[2]йил бошидан'!$B$5:$C$2923,2,0) -> 17.64
A50: 48 | B50: Blok A | C50: 6-do'kon | D50: Alimov Ulugbek Rustamovich | E50: 30809640040022 | F50: 951773373 | G50: PREMIUM PRIME SERVICE" MAS`ULIYATI CHEKLANGAN JAMIYATI | H50: 0 | I50: 1 | J50: 22 | K50: Salixov Shuxrat Abdurazakovich | L50: 32001890310816 | M50: Salixov Shuxrat Abdurazakovich | N50: 977831779 | O50: 32001890310816 | Q50: 1 | R50: Salixov Shuxrat Abdurazakovich | S50: 32001890310816 | T50: 977831779 | U50: YTT | V50: AOS | X50: Faol | Y50: =VLOOKUP(L50,'[2]йил бошидан'!$B$5:$C$2923,2,0) -> 10.07
A51: 49 | B51: Blok A | C51: 6-do'kon | D51: Alimov Ulugbek Rustamovich | E51: 30809640040022 | F51: 951773373 | G51: PREMIUM PRIME SERVICE" MAS`ULIYATI CHEKLANGAN JAMIYATI | H51: 0 | I51: 1 | J51: 22 | K51: Atxamov Abdulloh Ravshan O'g'li | L51: 50104076500031 | M51: Atxamov Abdulloh Ravshan O'g'li | N51: +998935540445 | O51: 50104076500031 | Q51: 2 | R51: Qobilov Aziz A’zamjon O‘g‘li Xasanov Axmad Maxmud O‘g‘li | S51: 30203850020023 32812940170043 | T51: 998830303 903230550 | U51: YTT | V51: AOS | W51: YZ231006018161 | X51: Faol | Y51: 0
A52: 50 | B52: Blok A | C52: 6-do'kon | D52: Alimov Ulugbek Rustamovich | E52: 30809640040022 | F52: 951773373 | G52: PREMIUM PRIME SERVICE" MAS`ULIYATI CHEKLANGAN JAMIYATI | H52: 0 | I52: 1 | J52: 22 | K52: RAXIMOV MUHAMMADALI XOJIAKBAR O‘G‘LI | L52: 51906036590026 | M52: RAXIMOV MUHAMMADALI XOJIAKBAR O‘G‘LI | N52: 946666990 | O52: 51906036590026 | Q52: 1 | R52: RAXIMOV MUHAMMADALI XOJIAKBAR O‘G‘LI | S52: 51906036590026 | T52: 946666990 | U52: YTT | V52: AOS | W52: VG343420013071 | X52: Faol | Y52: 0
A53: 51 | B53: Blok A | C53: 6-do'kon | D53: Alimov Ulugbek Rustamovich | E53: 30809640040022 | F53: 951773373 | G53: PREMIUM PRIME SERVICE" MAS`ULIYATI CHEKLANGAN JAMIYATI | H53: 0 | I53: 1 | J53: 22 | K53: QOSIMOV AYUBXON ZOHID O‘G‘LI | L53: 52906036560028 | M53: QOSIMOV AYUBXON ZOHID O‘G‘LI | N53: 990868999 | O53: 52906036560028 | Q53: 1 | R53: QOSIMOV AYUBXON ZOHID O‘G‘LI | S53: 52906036560028 | T53: 990868999 | U53: YTT | V53: AOS | W53: LG420211621187 | X53: Faol | Y53: =VLOOKUP(L53,'[2]йил бошидан'!$B$5:$C$2923,2,0) -> 0.35
A54: 52 | B54: Blok A | C54: 7-do'kon | D54: Alimov Ulugbek Rustamovich | E54: 30809640040022 | F54: 951773373 | G54: PREMIUM PRIME SERVICE" MAS`ULIYATI CHEKLANGAN JAMIYATI | H54: 180 | I54: 1 | J54: 45 | K54: ‘Exclusive Texnika Brends’ Mchj | L54: 30606830260015 | M54: Kushakov Baxtiyor Alisherovich | N54: 901872000 | P54: 307516507 | Q54: 22 | R54: Irismatov Ulugbek Asqaraliev Bekzod Yunusali O`Gli Ibragimov Doniyorjon Nabiev Shohzod Akramov Xojiakbar Odilov Shaxboz Yusupov Rustam Dolimov Raxmatjon Abduraximov Abduradhid Jalilov Ruslan Bekmuxamedov Fazliddin Abdurafikov Islom Raimov Islomjon Agzamov Suxbat Djumayeva Nasiba Madaminov Muxammad Abdusamigov Muhammadamin Berdiyev Shaxzod Salixov Rustam Asadov Mirzabek Salixov Ravshan Odilov Abror | S54: 30606830260015 32805920251553 30605900210930 31903986750014 31106920211217 32107950210064 30106900191873 32807986610040 31404930172099 31706915790017 50902026540012 32007910500016 30104986750016 32701900191609 42308860630015 52008076750066 52006056750112 31412936600012 30601950210089 52009035310028 32304886540021 30207996800057 | T54: 998920003 909993327 901210011 977202122 977544044 977784333 998889997 900153557 974610840 934385858 901555554 993060262 994848394 946898888 958462308 971572800 887955155 904007666 909721819 919214747 935309393 000000000 | U54: Yuridik | V54: AOS | W54: VG343420014030 | X54: Faol
A55: 53 | B55: Blok A | C55: 7-do'kon | D55: Alimov Ulugbek Rustamovich | E55: 30809640040022 | F55: 951773373 | G55: PREMIUM PRIME SERVICE" MAS`ULIYATI CHEKLANGAN JAMIYATI | H55: 0 | I55: 1 | J55: 45 | K55: "Air System Expert" Mchj | L55: 30205830280050 | M55: Kim Valeriy Aleksandrovich | N55: 998983125655 | P55: 309973302 | Q55: 7 | R55: Kim Valeriy Aleksandrovich Akramova Nargiza Rustamovna Markosyan Ernest Levonovich Rikhsieva Ilmira Damirovna Yugay Yelizaveta Olegovna Axmedov Ilxam Radionovich Sultanova Zilola Xusanovna | S55: 30205830280050 41411820270015 32012860230065 41309780250032 42007836570013 30601900171374 41008890222091 | T55: 998323802 917773997 951031111 998700325 909051777 909742626 946103332 | U55: Yuridik | V55: AOS | W55: NA000000045083 | X55: Faol
A56: 54 | B56: Blok A | C56: 7-do'kon | D56: Alimov Ulugbek Rustamovich | E56: 30809640040022 | F56: 951773373 | G56: PREMIUM PRIME SERVICE" MAS`ULIYATI CHEKLANGAN JAMIYATI | H56: 0 | I56: 1 | J56: 45 | K56: "Multibrend" Mchj | L56: 31909890261325 | M56: Aleyev Aleksey Alekseyevich | N56: 771159999 | P56: 311057033 | Q56: 8 | R56: Aleyev Aleksey Alekseyevich Karasyov Anatoliy Vitalevich Vitkovskaya Kseniya Vladimirovna Kudryashov Vladimir Aleksandrovich Solomatin Timofey Sirojiddinovich Shagiyev Marsel Ildarovich Mirzayev Azizbek Xikmatdjanovich Radjapov Rustam Iskandarovich | S56: 31909890261325 33110946610037 42109986520073 33012910270668 33101930171696 30901890261195 31905886580018 31603900171885 | T56: 771159999 901899000 909378551 977236516 955995951 909366393 909580300 977419730 | U56: Yuridik | V56: QQS | W56: VG343420009299 | X56: Faol
A57: 55 | B57: Blok A | C57: 7-do'kon | D57: Alimov Ulugbek Rustamovich | E57: 30809640040022 | F57: 951773373 | G57: PREMIUM PRIME SERVICE" MAS`ULIYATI CHEKLANGAN JAMIYATI | H57: 0 | J57: 45 | K57: BERDIYEV SHAXZOD ZOKIR O‘G‘LI | L57: 31412936600012 | M57: BERDIYEV SHAXZOD ZOKIR O‘G‘LI | N57: 989605241 | O57: 31412936600012 | Q57: 1 | R57: BERDIYEV SHAXZOD ZOKIR O‘G‘LI | S57: 31412936600012 | T57: 989605241 | U57: YTT | V57: AOS | X57: Faol | Y57: 0
A58: 56 | B58: Blok A | C58: 8-do'kon | D58: Alimov Ulugbek Rustamovich | E58: 30809640040022 | F58: 951773373 | G58: PREMIUM PRIME SERVICE" MAS`ULIYATI CHEKLANGAN JAMIYATI | H58: 180 | I58: 1 | J58: 12 | K58: "Evropa Texnologi" Mchj | L58: 31708800190014 | M58: Raxmatullayev Shovkatilla Kudratullayevich | N58: 998171797 | P58: 307868623 | Q58: 23 | R58: Raxmatullaev Shovkatilla Kudratullaevich Abduvosikov Abdullo Abdujalil O‘g‘li Akbarov Shukurulla Xayrulla O‘g‘li Axmadaliev Mardonbek Faxriddin O‘g‘li Axmadaliev Muxamadali Anvarjon O‘g‘li Botirov Yaxyo Zafar O‘g‘li Daminov Javoxir Dilshod O‘g‘li Jumaev Rustam Shaxritdinovich Juraev Ilxomjon Muminjon O‘g‘li Zaripov Ruslan Rafikovich Karimov Ismoiljon Javlon O‘g‘li Karimov Xurshidjon Sobir O‘g‘li Mirsoatov Ilxomjon Ibroxim O‘g‘li Nabiev Ibroxim Sunnatullox O‘g‘li Raximov Asadbek Ravshanjon O‘g‘li Sadriddinov Usmonxuja Shaxobiddin O‘g‘li Safaev Zubayr Baxtiyor O‘g‘li Solixov Muxammadsolix Ikromjon O‘g‘li Sultonov Bekzod Dilshod O‘g‘li Toxirov Abdullox Sobirjon O‘g‘li Xasanov Afzun Olloyor O‘g‘li Ergashev Sayfiddin Sirojiddin O‘g‘li Erkinov Akmal Baxodir O‘g‘li | S58: 31708800190014 30907996610112 31402950190033 51508036610061 32611996540051 33008986750023 51806066610045 31808872340093 51108036610029 52208016560023 32009986540017 32904936610023 51305036500024 50201056610020 52508056540051 51905006540034 50612066610122 30409976610056 32903946540010 53009046540048 51402056540073 51101056540053 52507016540098 | T58: 946665596 977401234 903292722 881787271 980777171 998636969 990191045 991376767 977747758 946528484 998711333 970169999 907998566 997033223 951916161 959094545 981300121 990977979 900008050 930033279 947354818 955535554 998461111 | U58: Yuridik | V58: QQS | W58: UZ200715063795 | X58: Faol
A59: 57 | B59: Blok A | C59: 8-do'kon | D59: Alimov Ulugbek Rustamovich | E59: 30809640040022 | F59: 951773373 | G59: PREMIUM PRIME SERVICE" MAS`ULIYATI CHEKLANGAN JAMIYATI | H59: 0 | I59: 1 | J59: 12 | K59: Texno Taun Mchj | L59: 30308820201346 | M59: Ayrapetov Eduard Aleksandrovich | N59: 903554870 | P59: 312776468 | Q59: 1 | R59: Ayrapetov Eduard Aleksandrovich | S59: 30308820201346 | T59: 903554870 | U59: Yuridik | V59: AOS | W59: LG420211622956 | X59: Faol
A60: 58 | B60: Blok A | C60: 8-do'kon | D60: Alimov Ulugbek Rustamovich | E60: 30809640040022 | F60: 951773373 | G60: PREMIUM PRIME SERVICE" MAS`ULIYATI CHEKLANGAN JAMIYATI | H60: 0 | I60: 1 | J60: 12 | K60: "STELIX STORE" MCHJ | L60: 30907996610112 | M60: ABDUVOSIQOV ABDULLO ABDUJALIL O‘G‘LI | N60: 977401234 | P60: 312812145 | Q60: 1 | R60: ABDUVOSIQOV ABDULLO ABDUJALIL O‘G‘LI | S60: 30907996610112 | T60: 977401234 | U60: Yuridik | V60: AOS | W60: LG420211629233 | X60: Faol
A61: 59 | B61: Blok A | C61: 8-do'kon | D61: Alimov Ulugbek Rustamovich | E61: 30809640040022 | F61: 951773373 | G61: PREMIUM PRIME SERVICE" MAS`ULIYATI CHEKLANGAN JAMIYATI | H61: 0 | I61: 1 | J61: 12 | K61: Solihov Muhammadsolih Ikromjon O'g'li | L61: 30409976610056 | M61: Solihov Muhammadsolih Ikromjon O'g'li | N61: 990977979 | O61: 30409976610056 | Q61: 1 | R61: Solihov Muhammadsolih Ikromjon O'g'li | S61: 30409976610056 | T61: 990977979 | U61: YTT | V61: AOS | W61: LG420211622199 | X61: Faol | Y61: 0
A62: 60 | B62: Blok A | C62: 8-do'kon | D62: Alimov Ulugbek Rustamovich | E62: 30809640040022 | F62: 951773373 | G62: PREMIUM PRIME SERVICE" MAS`ULIYATI CHEKLANGAN JAMIYATI | H62: 0 | I62: 1 | J62: 12 | K62: Ravshanov Javohir Mirzo Djasurbek O'g'li | L62: 30409986780039 | M62: Ravshanov Javohir Mirzo Djasurbek O'g'li | N62: +998884413333 | O62: 30409986780039 | Q62: 3 | R62: AKBAROV SHUKURULLA XAYRULLA O‘G‘LI ZAKIROV XASAN FARXOD O‘G‘LI MIRSOATOV ILHOMJON IBROHIM O‘G‘LI | S62: 31402950190033 51112036600038 51305036500024 | T62: 998884413333 | U62: YTT | V62: AOS | W62: LG420211622107 | X62: Faol | Y62: =VLOOKUP(L62,'[2]йил бошидан'!$B$5:$C$2923,2,0) -> 0.1
A63: 61 | B63: Blok A | C63: 8-do'kon | D63: Alimov Ulugbek Rustamovich | E63: 30809640040022 | F63: 951773373 | G63: PREMIUM PRIME SERVICE" MAS`ULIYATI CHEKLANGAN JAMIYATI | H63: 0 | I63: 1 | J63: 12 | K63: Abduvosiqov Abdullo Abdujalil O'g'li | L63: 30907996610112 | M63: Abduvosiqov Abdullo Abdujalil O'g'li | N63: 977401234 | O63: 30907996610112 | Q63: 1 | R63: Abduvosiqov Abdullo Abdujalil O'g'li | S63: 30907996610112 | T63: 977401234 | U63: YTT | V63: AOS | W63: LG420211622200 | X63: Faol | Y63: 0
A64: 62 | B64: Blok A | C64: 8-do'kon | D64: Alimov Ulugbek Rustamovich | E64: 30809640040022 | F64: 951773373 | G64: PREMIUM PRIME SERVICE" MAS`ULIYATI CHEKLANGAN JAMIYATI | H64: 0 | I64: 1 | J64: 12 | K64: Karimov A’zamjon Madaminjon O'g'li | L64: 31403986520016 | M64: Karimov A’zamjon Madaminjon O'g'li | N64: +998900015593 | O64: 31403986520016 | Q64: 2 | R64: ABDURASHITXOJIYEV ABDULLOX ABDUMALIK O‘G‘LI ALIMJONOV SIROJIDDIN BAXTIYOR O‘G‘LI | S64: 946684768 | T64: 998909309666 | U64: YTT | V64: AOS | W64: LG420211622127 | X64: Faol | Y64: =VLOOKUP(L64,'[2]йил бошидан'!$B$5:$C$2923,2,0) -> 6.14
A65: 63 | B65: Blok A | C65: 8-do'kon | D65: Alimov Ulugbek Rustamovich | E65: 30809640040022 | F65: 951773373 | G65: PREMIUM PRIME SERVICE" MAS`ULIYATI CHEKLANGAN JAMIYATI | H65: 0 | I65: 1 | J65: 12 | K65: RAMAZANOV JORABEK | L65: 32305936520019 | M65: RAMAZANOV JORABEK | N65: 946684768 | O65: 32305936520019 | Q65: 1 | R65: RAMAZANOV JORABEK | S65: 32305936520019 | T65: 946684768 | U65: YTT | V65: AOS | X65: Faol | Y65: 0
A66: 64 | B66: Blok A | C66: 8-do'kon | D66: Alimov Ulugbek Rustamovich | E66: 30809640040022 | F66: 951773373 | G66: PREMIUM PRIME SERVICE" MAS`ULIYATI CHEKLANGAN JAMIYATI | H66: 0 | I66: 1 | J66: 12 | K66: Normaxmatov Mansurjon Bahodir O'g'li | L66: 32502942530076 | M66: Normaxmatov Mansurjon Bahodir O'g'li | N66: +998909994442 | O66: 32502942530076 | Q66: 5 | R66: SULTONOV ABDUSAMAD DAVRON O‘G‘LI ZARIPOV RUSLAN RAFIKOVICH ABDULLAYEV ABDUVORIS ABDUXAKIM O‘G‘LI TOSHMUXAMEDOV SUNNATILLA DONIYOR O'G'LI ABDUSADIKOV ABDUAZIZ SHOKIR O‘G‘LI | S66: 52811026560015 52208016560023 31505976560045 52706046610036 31809966560043 | T66: 998909994442 | U66: YTT | V66: AOS | W66: LG420211622128 | X66: Faol | Y66: 0
A67: 65 | B67: Blok A | C67: 8-do'kon | D67: Alimov Ulugbek Rustamovich | E67: 30809640040022 | F67: 951773373 | G67: PREMIUM PRIME SERVICE" MAS`ULIYATI CHEKLANGAN JAMIYATI | H67: 0 | I67: 1 | J67: 12 | K67: Ahmadaliyev Muhammadali Anvarjon O'g'li | L67: 32611996540051 | M67: Ahmadaliyev Muhammadali Anvarjon O'g'li | N67: +998907997878 | O67: 32611996540051 | Q67: 5 | R67: BOTIROV YAHYO ZAFAR O‘G‘LI ERGASHEV XOJIAKBAR XOTAM O‘G‘LI NABIYEV IBROXIM SUNNATILLOX O‘G‘LI A’ZAMXO‘JAYEV SHOHRUHXON UMIDXO‘JA O‘G‘LI ABDUVOSIQOV ABDURASHID ABDUQODIR O‘G‘LI | S67: 33008986750023 30102986540042 50201056610020 30406998660021 33008976610041 | T67: 998907997878 | U67: YTT | V67: AOS | W67: LG420211622198 | X67: Faol | Y67: =VLOOKUP(L67,'[2]йил бошидан'!$B$5:$C$2923,2,0) -> 25.09
A68: 66 | B68: Blok A | C68: 8-do'kon | D68: Alimov Ulugbek Rustamovich | E68: 30809640040022 | F68: 951773373 | G68: PREMIUM PRIME SERVICE" MAS`ULIYATI CHEKLANGAN JAMIYATI | H68: 0 | I68: 1 | J68: 12 | K68: Sultonov Bekzod Dilshod O'g'li | L68: 32903946540010 | M68: Sultonov Bekzod Dilshod O'g'li | N68: +998900008050 | O68: 32903946540010 | Q68: 3 | R68: ABDURAXIMOV AZIZ PULATJANOVICH JUMAYEV RUSTAM SHAXRITDINOVICH XASANOV AFZUN OLLOYOR O‘G‘LI | S68: 31108860210046 31808872340093 51402056540073 | T68: 998900008050 | U68: YTT | V68: AOS | W68: LG420211622126 | X68: Faol | Y68: =VLOOKUP(L68,'[2]йил бошидан'!$B$5:$C$2923,2,0) -> 2.53
A69: 67 | B69: Blok A | C69: 8-do'kon | D69: Alimov Ulugbek Rustamovich | E69: 30809640040022 | F69: 951773373 | G69: PREMIUM PRIME SERVICE" MAS`ULIYATI CHEKLANGAN JAMIYATI | H69: 0 | I69: 1 | J69: 12 | K69: Axmadaliyev Mardonbek Faxriddin O'g'li | L69: 51508036610061 | M69: Axmadaliyev Mardonbek Faxriddin O'g'li | N69: +998881787271 | O69: 51508036610061 | Q69: 5 | R69: QO‘LDASHALIYEV JASURBEK DAVRONBEK O‘G‘LI ABDULLAJONOV FAYZULLA SAYDULLA O‘G‘LI MOVLONOV SAIDAXMAD SAMARIDDIN O‘G‘LI QAXRAMONOV JALOLIDDIN JAMOLIDDIN O‘G‘LI ERGASHEV SAYFIDDIN SIROJIDDIN O‘G‘LI | S69: 51306035990014 53007016670043 50603056610044 50511036540057 51101056540053 | T69: 998770837272 | U69: YTT | V69: AOS | W69: LG420211622166 | X69: Faol | Y69: 0
A70: 68 | B70: Blok A | C70: 8-do'kon | D70: Alimov Ulugbek Rustamovich | E70: 30809640040022 | F70: 951773373 | G70: PREMIUM PRIME SERVICE" MAS`ULIYATI CHEKLANGAN JAMIYATI | H70: 0 | I70: 1 | J70: 12 | K70: Sadriddinov Usmonxo‘Ja Shaxobiddin O'g'li | L70: 51905006540034 | M70: Sadriddinov Usmonxo‘Ja Shaxobiddin O'g'li | N70: +998959094545 | O70: 51905006540034 | Q70: 5 | R70: KARIMOV ISMOILJON JAVLON O‘G‘LI KO‘PALBOYEV AZIZBEK NURMAT O‘G‘LI JO‘RAYEV ILXOMJON MO‘MINJON O‘G‘LI SAFAYEV ZUBAYR BAXTIYOR O‘G‘LI RAXMATILLAYEV XOJIAKBAR QUDRATILLA O‘G‘LI | S70: 32009986540017 50109037150056 51108036610029 50612066610122 50601056540101 | T70: 998770837272 | U70: YTT | V70: AOS | W70: LG420211622197 | X70: Faol | Y70: 0
A71: 69 | B71: Blok A | C71: 8-do'kon | D71: Alimov Ulugbek Rustamovich | E71: 30809640040022 | F71: 951773373 | G71: PREMIUM PRIME SERVICE" MAS`ULIYATI CHEKLANGAN JAMIYATI | H71: 0 | I71: 1 | J71: 12 | K71: Erkinov Akmal Bahodir O'g'li | L71: 52507016540098 | M71: Erkinov Akmal Bahodir O'g'li | N71: +998998461111 | O71: 52507016540098 | Q71: 2 | R71: GAZIYEV ABDULLO NORMAT O‘G‘LI XAMIDJONOV ABDULAZIZ ALISHER O‘G‘LI | S71: 50312036500036 52903016610076 | T71: 998908052003 | U71: YTT | V71: AOS | W71: LG420211622955 | X71: Faol | Y71: =VLOOKUP(L71,'[2]йил бошидан'!$B$5:$C$2923,2,0) -> 2.33
A72: 70 | B72: Blok A | C72: 8-do'kon | D72: Alimov Ulugbek Rustamovich | E72: 30809640040022 | F72: 951773373 | G72: PREMIUM PRIME SERVICE" MAS`ULIYATI CHEKLANGAN JAMIYATI | H72: 0 | I72: 1 | J72: 12 | K72: Tohirov Abdulloh Sobirjon O'g'li | L72: 53009046540048 | M72: Tohirov Abdulloh Sobirjon O'g'li | N72: +998770837272 | O72: 53009046540048 | Q72: 5 | R72: MUMINOV ABDURAZZOQ ABDUMANNAPOVICH DAMINOV JAVOXIR DILSHOD O‘G‘LI XOLXO‘JAYEV ANVARXO‘JA AXMAD O‘G‘LI ERKINOV DAVRONJON AKROM O‘G‘LI MAXMUDOV ILXOM MUXIDDIN O‘G‘LI | S72: 30704976610023 51806066610045 51506036820026 50904036610046 52206076610070 | T72: 998770837272 | U72: YTT | V72: AOS | W72: LG420211622196 | X72: Faol | Y72: 0
A73: 71 | B73: Blok A | C73: 9-do'kon | D73: Alimov Ulugbek Rustamovich | E73: 30809640040022 | F73: 951773373 | G73: PREMIUM PRIME SERVICE" MAS`ULIYATI CHEKLANGAN JAMIYATI | H73: 180 | I73: 1 | J73: 12 | K73: ‘It Smarthome’ Mchj | L73: 30805880760069 | M73: Najimiddinov Kamoliddin Djalolitdinovich | N73: 998930858 | P73: 308323690 | Q73: 6 | R73: Najimiddinov Kamoliddin Djalolitdinovich Turaxanov Alisher Baxtiyorovich Xakimov Shavkatjon Sobir O‘g‘li Anvarov Isroil Ibroxim O‘g‘li Karimov Sherzod Saydasrol O‘g‘li Zaporojets Vasiliy Vitalevich | S73: 30805880760069 30808886610022 31407930211621 32606996500044 31409920171931 31012860230055 | T73: 996936545 935153780 935275000 998930858 998184118 998930858 | U73: Yuridik | V73: AOS | W73: YZ231006048073 | X73: Faol
A74: 72 | B74: Blok A | C74: 9-do'kon | D74: Alimov Ulugbek Rustamovich | E74: 30809640040022 | F74: 951773373 | G74: PREMIUM PRIME SERVICE" MAS`ULIYATI CHEKLANGAN JAMIYATI | H74: 0 | I74: 1 | J74: 12 | K74: "Z0rsh0p" Xk | L74: 30101996600018 | M74: Shodmonxodjayev Xojiakbar Xojimurod O'g'li | N74: 935717112 | P74: 308976583 | Q74: 6 | R74: Shodmonxodjayev Xojiakbar Xojimurod O‘g‘li Urazmetova Shahzoda Ilhom Qizi Sadikova Rushana Raximdjanovna Sabirbayev Alisher Jarilkaganovich Sultanov Oybek Abdudjalilovich Sultanova Gulsara Jarilkaganovna | S74: 30101996600018 62811037170022 41510890191599 30205860190040 30501900251534 41002840192274 | T74: 330312122 909958600 957974579 990535003 999964420 971996006 | U74: Yuridik | V74: AOS | X74: Faol
A75: 73 | B75: Blok A | C75: 9-do'kon | D75: Alimov Ulugbek Rustamovich | E75: 30809640040022 | F75: 951773373 | G75: PREMIUM PRIME SERVICE" MAS`ULIYATI CHEKLANGAN JAMIYATI | H75: 0 | I75: 1 | J75: 12 | K75: Xasanov Ma’rufxo‘Ja Shuxrat O'g'li | L75: 30805950170077 | M75: Xasanov Ma’rufxo‘Ja Shuxrat O'g'li | N75: 974482232 | O75: 30805950170077 | Q75: 1 | R75: Xasanov Ma’rufxo‘Ja Shuxrat O'g'li | S75: 30805950170077 | T75: 974482232 | U75: YTT | V75: AOS | W75: LG420211607174 | X75: Faol | Y75: =VLOOKUP(L75,'[2]йил бошидан'!$B$5:$C$2923,2,0) -> 4.28
A76: 74 | B76: Blok A | C76: 9-do'kon | D76: Alimov Ulugbek Rustamovich | E76: 30809640040022 | F76: 951773373 | G76: PREMIUM PRIME SERVICE" MAS`ULIYATI CHEKLANGAN JAMIYATI | H76: 0 | I76: 1 | J76: 12 | K76: TURAXANOV ALISHER BAXTIYOROVICH | L76: 30808886610022 | M76: TURAXANOV ALISHER BAXTIYOROVICH | N76: 935153780 | O76: 30808886610022 | Q76: 1 | R76: TURAXANOV ALISHER BAXTIYOROVICH | S76: 30808886610022 | T76: 935153780 | U76: YTT | V76: AOS | X76: Faol | Y76: 0
A77: 75 | B77: Blok A | C77: 9-do'kon | D77: Alimov Ulugbek Rustamovich | E77: 30809640040022 | F77: 951773373 | G77: PREMIUM PRIME SERVICE" MAS`ULIYATI CHEKLANGAN JAMIYATI | H77: 0 | I77: 1 | J77: 12 | K77: ZAPOROJETS VASILIY VITALEVICH | L77: 31012860230055 | M77: ZAPOROJETS VASILIY VITALEVICH | N77: 998930858 | O77: 31012860230055 | Q77: 1 | R77: ZAPOROJETS VASILIY VITALEVICH | S77: 31012860230055 | T77: 998930858 | U77: YTT | V77: AOS | W77: LG420211609140 | X77: Faol | Y77: 0
A78: 76 | B78: Blok A | C78: 9-do'kon | D78: Alimov Ulugbek Rustamovich | E78: 30809640040022 | F78: 951773373 | G78: PREMIUM PRIME SERVICE" MAS`ULIYATI CHEKLANGAN JAMIYATI | H78: 0 | I78: 1 | J78: 12 | K78: Temirov Jamshid Xusnitdinovich | L78: 31701890241231 | M78: Temirov Jamshid Xusnitdinovich | N78: 953101177 | O78: 31701890241231 | Q78: 1 | R78: Temirov Jamshid Xusnitdinovich | S78: 31701890241231 | T78: 953101177 | U78: YTT | V78: QQS | W78: LG420211628483 | X78: Faol | Y78: 0
A79: 77 | B79: Blok A | C79: 9-do'kon | D79: Alimov Ulugbek Rustamovich | E79: 30809640040022 | F79: 951773373 | G79: PREMIUM PRIME SERVICE" MAS`ULIYATI CHEKLANGAN JAMIYATI | H79: 0 | I79: 1 | J79: 12 | K79: Yoqubjonov Boburjon Ma’murjon O'g'li | L79: 32010920232107 | M79: Yoqubjonov Boburjon Ma’murjon O'g'li | N79: +998903475552 | O79: 32010920232107 | Q79: 2 | R79: Axmedov Dilmurod Baxrom O‘g‘li G‘Iyosov Mirahror Mirazim O‘g‘li | S79: 51110026610056 52311026610047 | T79: 977633335 990000538 | U79: YTT | V79: AOS | W79: LG420211622327 | X79: Faol | Y79: =VLOOKUP(L79,'[2]йил бошидан'!$B$5:$C$2923,2,0) -> 8.54
A80: 78 | B80: Blok A | C80: 9-do'kon | D80: Alimov Ulugbek Rustamovich | E80: 30809640040022 | F80: 951773373 | G80: PREMIUM PRIME SERVICE" MAS`ULIYATI CHEKLANGAN JAMIYATI | H80: 0 | I80: 1 | J80: 12 | K80: Tulaganov Shuxrat Gayrat O'g'li | L80: 32712900210757 | M80: Tulaganov Shuxrat Gayrat O'g'li | N80: 998339008 | O80: 32712900210757 | Q80: 1 | R80: Farxodov Shohruhxon Sherzod O'g'li | S80: 52701076560050 | T80: 930918434 | U80: YTT | V80: AOS | W80: VG343420009695 | X80: Faol | Y80: =VLOOKUP(L80,'[2]йил бошидан'!$B$5:$C$2923,2,0) -> 2.18
A81: 79 | B81: Blok A | C81: 9-do'kon | D81: Alimov Ulugbek Rustamovich | E81: 30809640040022 | F81: 951773373 | G81: PREMIUM PRIME SERVICE" MAS`ULIYATI CHEKLANGAN JAMIYATI | H81: 0 | I81: 1 | J81: 12 | K81: Ortiqov Samandar Xabibullayevich | L81: 51005036300012 | M81: Ortiqov Samandar Xabibullayevich | N81: 771668800 | O81: 51005036300012 | Q81: 1 | R81: Ortiqov Samandar Xabibullayevich | S81: 51005036300012 | T81: 771668800 | U81: YTT | V81: QQS | W81: LG420211630795 | X81: Faol | Y81: 0
A82: 80 | B82: Blok A | C82: 9-do'kon | D82: Alimov Ulugbek Rustamovich | E82: 30809640040022 | F82: 951773373 | G82: PREMIUM PRIME SERVICE" MAS`ULIYATI CHEKLANGAN JAMIYATI | H82: 0 | I82: 1 | J82: 12 | K82: Bahodirov Bobir Bahodir O'g'li | L82: 51307016750030 | M82: Bahodirov Bobir Bahodir O'g'li | N82: 337617771 | O82: 51307016750030 | Q82: 1 | R82: Bahodirov Bobir Bahodir O'g'li | S82: 51307016750030 | T82: 337617771 | U82: YTT | V82: AOS | W82: LG420211628479 | X82: Faol | Y82: 0
A83: 81 | B83: Blok A | C83: 9-do'kon | D83: Alimov Ulugbek Rustamovich | E83: 30809640040022 | F83: 951773373 | G83: PREMIUM PRIME SERVICE" MAS`ULIYATI CHEKLANGAN JAMIYATI | H83: 0 | I83: 1 | J83: 12 | K83: Sunataliev Sunnatullox Baxrom O'g'li | L83: 51807046780037 | M83: Sunataliev Sunnatullox Baxrom O'g'li | N83: 998930858 | O83: 51807046780037 | Q83: 1 | R83: ABDULLAYEV SANJARBEK SHUHRAT O‘G‘LI | S83: 51502046600032 | T83: 998990000000 | U83: YTT | V83: AOS | W83: LG420211631417 | X83: Faol | Y83: 0
A84: 82 | B84: Blok A | C84: 9-do'kon | D84: Alimov Ulugbek Rustamovich | E84: 30809640040022 | F84: 951773373 | G84: PREMIUM PRIME SERVICE" MAS`ULIYATI CHEKLANGAN JAMIYATI | H84: 0 | I84: 1 | J84: 12 | K84: "Fuad Fidan" Mchj | L84: 32805860250052 | M84: Bayramov Tural Xagani-Ogli | N84: 974228844 | P84: 307480704 | Q84: 3 | R84: Bayramov Tural Xagani-O’g’li Bayramov Reshad Xagani O’g’li Sayranbayev Baxtiyar Jamilovich | S84: 32805860250052 30605910251750 31704870280022 | T84: 974228844 903572527 909044577 | U84: Yuridik | V84: AOS | W84: UZ210317220836 | X84: Faol
A85: 83 | B85: Blok A | C85: 9-do'kon | D85: Alimov Ulugbek Rustamovich | E85: 30809640040022 | F85: 951773373 | G85: PREMIUM PRIME SERVICE" MAS`ULIYATI CHEKLANGAN JAMIYATI | H85: 0 | I85: 1 | J85: 12 | K85: Faxriddinov Nizomiddin Ziyovuddin O'g'li | L85: 52305066540026 | M85: Faxriddinov Nizomiddin Ziyovuddin O'g'li | N85: 930451233 | O85: 52305066540026 | Q85: 1 | R85: Faxriddinov Nizomiddin Ziyovuddin O'g'li | S85: 52305066540026 | T85: 930451233 | U85: YTT | V85: AOS | W85: LG420211607173 | X85: Faol | Y85: =VLOOKUP(L85,'[2]йил бошидан'!$B$5:$C$2923,2,0) -> 4.85
A86: 84 | B86: Blok A | C86: 10-do'kon | D86: Alimov Ulugbek Rustamovich | E86: 30809640040022 | F86: 951773373 | G86: PREMIUM PRIME SERVICE" MAS`ULIYATI CHEKLANGAN JAMIYATI | H86: 180 | I86: 1 | J86: 20 | K86: ‘Gold Aja Brand’ Mchj | L86: 31008966540055 | M86: Abdujalilov Javlon Akrom O'g'li | N86: 998998994346 | P86: 306815523 | Q86: 2 | R86: Abdujalilov Javlon Akrom O'g'li Umarov Nurullo Abduxamidovich | S86: 31008966540055 31311890210780 | T86: 909961100 990019009 | U86: Yuridik | V86: QQS | W86: YZ231006019218 | X86: Faol
A87: 85 | B87: Blok A | C87: 10-do'kon | D87: Alimov Ulugbek Rustamovich | E87: 30809640040022 | H87: 0 | I87: 1 | J87: 20 | K87: "Aple Solutions Team" Mchj | L87: 32802944250083 | M87: Raxmonov Jaxongir Akmaljon O'g'li | N87: 998903530099 | P87: 312440024 | T87: 909961100 990019009 | U87: Yuridik | V87: QQS | W87: LG420211602398
A88: 86 | B88: Blok A | C88: 10-do'kon | D88: Alimov Ulugbek Rustamovich | E88: 30809640040022 | H88: 0 | I88: 1 | J88: 20 | K88: "Aple Solutions Team" Mchj | L88: 32802944250083 | M88: Raxmonov Jaxongir Akmaljon O'g'li | N88: 998903530099 | P88: 312440024 | T88: 0 | U88: Yuridik | V88: QQS | W88: LG420211628788
A89: 87 | B89: Blok A | C89: 10-do'kon | D89: Alimov Ulugbek Rustamovich | E89: 30809640040022 | F89: 951773373 | G89: PREMIUM PRIME SERVICE" MAS`ULIYATI CHEKLANGAN JAMIYATI | H89: 0 | I89: 1 | J89: 20 | K89: "Aple Solutions Team" Mchj | L89: 32802944250083 | M89: Raxmonov Jaxongir Akmaljon O'g'li | N89: 998903530099 | P89: 312440024 | Q89: 11 | R89: Abdulazizov Abdurashid Maxamatzokir O‘g‘li Alisherov Abdulloh Xamdam O‘g‘li Azimov Muhammadjon Ibrohimjon O‘g‘li Murodov Ibroxim Baxrom O‘g‘li Raxmonov Jaxongir Akmaljon O‘g‘li Saitnazarov Abrorbek Xudayor O‘g‘li Shavkatov Yusufjon Rahimjon O‘g‘li Solihov Abdulloh Ilhomjon O‘g‘li Usmonov Abubakr Ismatjon O‘g‘li Xalilov Farxodjon Xalimjon O‘g‘li Yunusxo‘Jayev Sanjar Ilxomjon O‘g‘li | S89: 30609966820012 50206086540110 51601056500081 51906026540024 32802944250083 52704027150025 52907056500016 30401966610055 51010066500079 52009017000037 50807046520061 | T89: 901376161 910045119 900375454 971415656 901752157 948302002 909961100 000000000 000000000 912014246 774880303 | U89: Yuridik | V89: AOS | W89: LG420211628786 | X89: Faol
A90: 88 | B90: Blok A | C90: 10-do'kon | D90: Alimov Ulugbek Rustamovich | E90: 30809640040022 | F90: 951773373 | G90: PREMIUM PRIME SERVICE" MAS`ULIYATI CHEKLANGAN JAMIYATI | H90: 0 | I90: 1 | J90: 20 | K90: Ilyasov Muxiddin Xusnitdinovich | L90: 30307820190049 | M90: Ilyasov Muxiddin Xusnitdinovich | N90: +998973308989 | O90: 30307820190049 | Q90: 6 | R90: Faxriddinov Nizomiddin Ziyovutdinlovich Shokirov Ibroxim Nosirjon O‘g‘li Shorixsiev Shomurod Shoxasan O‘g‘li Azimov Muxammadjon Ibroximjon O‘g‘li Solixov Abdullox Ilxomjon O‘g‘li Omanulloevmuxammadibroxim Baxtiyor O‘g‘li | S90: 52305066540026 30403940170056 32105900171447 51601056500081 30401966610055 51410006520051 | T90: 930451233 999909948 983075522 900375454 000000000 880094400 | U90: YTT | V90: AOS | W90: LG420230642687 | X90: Faol | Y90: =VLOOKUP(L90,'[2]йил бошидан'!$B$5:$C$2923,2,0) -> 12.9
A91: 89 | B91: Blok A | C91: 10-do'kon | D91: Alimov Ulugbek Rustamovich | E91: 30809640040022 | F91: 951773373 | G91: PREMIUM PRIME SERVICE" MAS`ULIYATI CHEKLANGAN JAMIYATI | H91: 0 | I91: 1 | J91: 20 | K91: MIRZARAXIMOV AZIZJON MURODJON O‘G‘LI | L91: 31504976500071 | M91: MIRZARAXIMOV AZIZJON MURODJON O‘G‘LI | N91: 337620005 | O91: 31504976500071 | Q91: 1 | R91: MIRZARAXIMOV AZIZJON MURODJON O‘G‘LI | S91: 31504976500071 | T91: 337620005 | U91: YTT | V91: AOS | W91: VG544170015224 | X91: Faol | Y91: 0
A92: 90 | B92: Blok A | C92: 10-do'kon | D92: Alimov Ulugbek Rustamovich | E92: 30809640040022 | F92: 951773373 | G92: PREMIUM PRIME SERVICE" MAS`ULIYATI CHEKLANGAN JAMIYATI | H92: 0 | I92: 1 | J92: 20 | K92: Musayev Zaxidjon Muratjanovich | L92: 31512870220067 | M92: Musayev Zaxidjon Muratjanovich | N92: +998900010021 | O92: 31512870220067 | Q92: 1 | R92: BALIKOV RAUL BAXRAMOVICH | S92: 52011036560014 | T92: 930039009 | U92: YTT | V92: AOS | W92: LG420211609146 | X92: Faol | Y92: =VLOOKUP(L92,'[2]йил бошидан'!$B$5:$C$2923,2,0) -> 51.69
A93: 91 | B93: Blok A | C93: 10-do'kon | D93: Alimov Ulugbek Rustamovich | E93: 30809640040022 | F93: 951773373 | G93: PREMIUM PRIME SERVICE" MAS`ULIYATI CHEKLANGAN JAMIYATI | H93: 0 | I93: 1 | J93: 20 | K93: Yakubov Olimdjon Lutfullayevich | L93: 31712830360022 | M93: Yakubov Olimdjon Lutfullayevich | N93: +998977775509 | O93: 31712830360022 | Q93: 3 | R93: Xodjaev Shoxrux Shovkat O‘g‘li Abduvasikov Abdulaziz Abduvoxid O‘g‘li Abdullaev Shosaid Sadullaevich | S93: 30603940190069 32602940220057 30104930192648 | T93: 946684644 990229999 909961100 | U93: YTT | V93: AOS | W93: LG420211631444 | X93: Faol | Y93: 0
A94: 92 | B94: Blok A | C94: 10-do'kon | D94: Alimov Ulugbek Rustamovich | E94: 30809640040022 | F94: 951773373 | G94: PREMIUM PRIME SERVICE" MAS`ULIYATI CHEKLANGAN JAMIYATI | H94: 0 | I94: 1 | J94: 20 | K94: Musayev Enver Shavkatovich | L94: 33010890171450 | M94: Musayev Enver Shavkatovich | N94: +998909829537 | O94: 33010890171450 | Q94: 4 | R94: Toxirov Maxmudjon Ma’murjon O‘g‘li Alisherov Abdullox Xamdam O‘g‘li Nishonov Begzod Burxon O‘g‘li Nigmatov Xasanali Xasanovich | S94: 52601006520014 50206086540110 33007920231930 30802720220040 | T94: 930039009 910045119 998696966 000000000 | U94: YTT | V94: QQS | W94: LG420211631433 | X94: Faol | Y94: 0
A95: 93 | B95: Blok A | C95: 10-do'kon | D95: Alimov Ulugbek Rustamovich | E95: 30809640040022 | F95: 951773373 | G95: PREMIUM PRIME SERVICE" MAS`ULIYATI CHEKLANGAN JAMIYATI | H95: 0 | I95: 1 | J95: 20 | K95: Musayev Ilhom Dilshod O'g'li | L95: 50412026540014 | M95: Musayev Ilhom Dilshod O'g'li | N95: +998998047542 | O95: 50412026540014 | Q95: 4 | R95: Samugov Alisher Abduforux O‘g‘li Baxtiyorov Bexruz Botir O‘g‘li Akbarbekov Bobirbek Baxier O‘g‘li Maxkamov Ismoil Farxod O‘g‘li | S95: 51606066540081 50107076610038 52912056540054 30108976540012 | T95: 997787599 000000000 900220141 935117331 | U95: YTT | V95: AOS | W95: LG420230619300 | X95: Faol | Y95: 0
A96: 94 | B96: Blok A | C96: 10-do'kon | D96: Alimov Ulugbek Rustamovich | E96: 30809640040022 | F96: 951773373 | G96: PREMIUM PRIME SERVICE" MAS`ULIYATI CHEKLANGAN JAMIYATI | H96: 0 | I96: 1 | J96: 20 | K96: TOXIROV MAHMUDJON MA’MURJON O‘G‘LI | L96: 52601006520014 | M96: TOXIROV MAHMUDJON MA’MURJON O‘G‘LI | N96: 930039009 | O96: 52601006520014 | Q96: 1 | R96: TOXIROV MAHMUDJON MA’MURJON O‘G‘LI | S96: 52601006520014 | T96: 930039009 | U96: YTT | V96: AOS | W96: LG420211610872 | X96: Faol | Y96: =VLOOKUP(L96,'[2]йил бошидан'!$B$5:$C$2923,2,0) -> 2.92
A97: 95 | B97: Blok A | C97: 11-do'kon | D97: Alimov Ulugbek Rustamovich | E97: 30809640040022 | F97: 951773373 | G97: PREMIUM PRIME SERVICE" MAS`ULIYATI CHEKLANGAN JAMIYATI | H97: 180 | I97: 1 | J97: 45 | K97: Nig‘matov Elyor Erkin O'g'li | L97: 30907910600027 | M97: Nig‘Matov Elyor Erkin O'g'li | N97: +998909275011 | O97: 30907910600027 | Q97: 7 | R97: Turg‘Unov Sherzod Usmon O‘g‘li Fayzullaxo‘Jayev Raxmatillaxo‘Ja Saidaxmatxo‘Ja O‘g‘li Kalmanov Beksulton Oybek O‘g‘li Farmonov Sherzamon Nurali O‘g‘li Sadikov Djaxongir Shuxratovich Mirzaaxmedov Abdurasulmirzo Mirzafattox O‘g‘li Jumaniyozov Shoxrux Adxam O‘g‘li | S97: 30101940530022 30302950330039 50309026810026 32104965320010 30210800191586 31502986500089 30208977130015 | T97: 0 909575552 958282227 993662323 908068065 993333133 938053535 | U97: YTT | V97: AOS | W97: VG343420017060 | X97: Faol | Y97: 0
A98: 96 | B98: Blok A | C98: 11-do'kon | D98: Alimov Ulugbek Rustamovich | E98: 30809640040022 | F98: 951773373 | G98: PREMIUM PRIME SERVICE" MAS`ULIYATI CHEKLANGAN JAMIYATI | H98: 0 | I98: 1 | J98: 45 | K98: GAVRILOV VLADIMIR NIKOLAYEVICH | L98: 31005870170044 | M98: GAVRILOV VLADIMIR NIKOLAYEVICH | N98: 909582228 | O98: 31005870170044 | Q98: 1 | R98: GAVRILOV VLADIMIR NIKOLAYEVICH | S98: 31005870170044 | T98: 909582228 | U98: YTT | V98: AOS | W98: NA000000012398 | X98: Faol | Y98: 0
A99: 97 | B99: Blok A | C99: 11-do'kon | D99: Alimov Ulugbek Rustamovich | E99: 30809640040022 | F99: 951773373 | G99: PREMIUM PRIME SERVICE" MAS`ULIYATI CHEKLANGAN JAMIYATI | H99: 0 | I99: 1 | J99: 45 | K99: ARSEN USMONOV ALIYEVICH | L99: 32305832110015 | M99: ARSEN USMONOV ALIYEVICH | N99: 909121551 | O99: 32305832110015 | Q99: 1 | R99: ARSEN USMONOV ALIYEVICH | S99: 32305832110015 | T99: 909121551 | U99: YTT | V99: AOS | W99: LG420211621924 | X99: Faol | Y99: 0
A100: 98 | B100: Blok A | C100: 11-do'kon | D100: Alimov Ulugbek Rustamovich | E100: 30809640040022 | F100: 951773373 | G100: PREMIUM PRIME SERVICE" MAS`ULIYATI CHEKLANGAN JAMIYATI | H100: 0 | I100: 1 | J100: 45 | K100: Muminxodjayev Umar Yuldashevich | L100: 32311696610017 | M100: Muminxodjayev Umar Yuldashevich | N100: 903456734 | O100: 32311696610017 | Q100: 1 | R100: Xalayfan Akop Garibovich | S100: 32710840250035 | T100: 983610900 | U100: YTT | V100: AOS | W100: UZ210317236897 | X100: Faol | Y100: 0
A101: 99 | B101: Blok A | C101: 12-do'kon | D101: Alimov Ulugbek Rustamovich | E101: 30809640040022 | F101: 951773373 | G101: PREMIUM PRIME SERVICE" MAS`ULIYATI CHEKLANGAN JAMIYATI | H101: 0 | I101: 1 | J101: 9 | K101: "Dreams Super Shop" Mas’Uliyati Cheklangan Jamiyat | L101: 43005952970017 | M101: Nurbekova Malika Ixtiyor Qizi | N101: 915022332 | P101: 306547421 | Q101: 4 | R101: Nurbekova Malika Ixtiyor Qizi Babaxanov Yusuf Obid O‘g‘li Oripov Abduraxmon Abdilraximovich Mamajonov Akmaljon Musajon O‘g‘li | S101: 43005952970017 31602922950047 31706922811068 50911006390015 | T101: 972753993 975650222 902421992 993455571 | U101: Yuridik | V101: AOS | W101: LG420230605135 | X101: Faol
...
